Time	Open	High	Low	Close
2026.01.02 01:00:00	0.871850	0.871850	0.871850	0.871850
2026.01.02 02:00:00	0.872030	0.872030	0.872030	0.872030
2026.01.02 03:00:00	0.871930	0.871930	0.871930	0.871930
2026.01.02 04:00:00	0.871890	0.871890	0.871890	0.871890
2026.01.02 05:00:00	0.871750	0.871750	0.871750	0.871750
2026.01.02 06:00:00	0.872210	0.872210	0.872210	0.872210
2026.01.02 07:00:00	0.872080	0.872080	0.872080	0.872080
2026.01.02 08:00:00	0.872220	0.872220	0.872220	0.872220
2026.01.02 09:00:00	0.871890	0.871890	0.871890	0.871890
2026.01.02 10:00:00	0.871470	0.871470	0.871470	0.871470
2026.01.02 11:00:00	0.871690	0.871690	0.871690	0.871690
2026.01.02 12:00:00	0.871070	0.871070	0.871070	0.871070
2026.01.02 13:00:00	0.871380	0.871380	0.871380	0.871380
2026.01.02 14:00:00	0.872030	0.872030	0.872030	0.872030
2026.01.02 15:00:00	0.871850	0.871850	0.871850	0.871850
2026.01.02 16:00:00	0.870920	0.870920	0.870920	0.870920
2026.01.02 17:00:00	0.870980	0.870980	0.870980	0.870980
2026.01.02 18:00:00	0.870540	0.870540	0.870540	0.870540
2026.01.02 19:00:00	0.870800	0.870800	0.870800	0.870800
2026.01.02 20:00:00	0.871270	0.871270	0.871270	0.871270
2026.01.02 21:00:00	0.871140	0.871140	0.871140	0.871140
2026.01.02 22:00:00	0.871200	0.871200	0.871200	0.871200
2026.01.02 23:00:00	0.870660	0.870660	0.870660	0.870660
2026.01.05 00:00:00	0.870900	0.870900	0.870900	0.870900
2026.01.05 01:00:00	0.869960	0.869960	0.869960	0.869960
2026.01.05 02:00:00	0.870980	0.870980	0.870980	0.870980
2026.01.05 03:00:00	0.870600	0.870600	0.870600	0.870600
2026.01.05 04:00:00	0.870460	0.870460	0.870460	0.870460
2026.01.05 05:00:00	0.870170	0.870170	0.870170	0.870170
2026.01.05 06:00:00	0.870170	0.870170	0.870170	0.870170
2026.01.05 07:00:00	0.870010	0.870010	0.870010	0.870010
2026.01.05 08:00:00	0.870120	0.870120	0.870120	0.870120
2026.01.05 09:00:00	0.870040	0.870040	0.870040	0.870040
2026.01.05 10:00:00	0.870550	0.870550	0.870550	0.870550
2026.01.05 11:00:00	0.870150	0.870150	0.870150	0.870150
2026.01.05 12:00:00	0.868970	0.868970	0.868970	0.868970
2026.01.05 13:00:00	0.868210	0.868210	0.868210	0.868210
2026.01.05 14:00:00	0.867820	0.867820	0.867820	0.867820
2026.01.05 15:00:00	0.867240	0.867240	0.867240	0.867240
2026.01.05 16:00:00	0.867730	0.867730	0.867730	0.867730
2026.01.05 17:00:00	0.867170	0.867170	0.867170	0.867170
2026.01.05 18:00:00	0.866750	0.866750	0.866750	0.866750
2026.01.05 19:00:00	0.866070	0.866070	0.866070	0.866070
2026.01.05 20:00:00	0.865570	0.865570	0.865570	0.865570
2026.01.05 21:00:00	0.865890	0.865890	0.865890	0.865890
2026.01.05 22:00:00	0.865840	0.865840	0.865840	0.865840
2026.01.05 23:00:00	0.865650	0.865650	0.865650	0.865650
2026.01.06 00:00:00	0.865330	0.865330	0.865330	0.865330
2026.01.06 01:00:00	0.865260	0.865260	0.865260	0.865260
2026.01.06 02:00:00	0.865570	0.865570	0.865570	0.865570
2026.01.06 03:00:00	0.865530	0.865530	0.865530	0.865530
2026.01.06 04:00:00	0.865490	0.865490	0.865490	0.865490
2026.01.06 05:00:00	0.865710	0.865710	0.865710	0.865710
2026.01.06 06:00:00	0.865360	0.865360	0.865360	0.865360
2026.01.06 07:00:00	0.865490	0.865490	0.865490	0.865490
2026.01.06 08:00:00	0.865540	0.865540	0.865540	0.865540
2026.01.06 09:00:00	0.865730	0.865730	0.865730	0.865730
2026.01.06 10:00:00	0.865500	0.865500	0.865500	0.865500
2026.01.06 11:00:00	0.865250	0.865250	0.865250	0.865250
2026.01.06 12:00:00	0.865270	0.865270	0.865270	0.865270
2026.01.06 13:00:00	0.865410	0.865410	0.865410	0.865410
2026.01.06 14:00:00	0.865710	0.865710	0.865710	0.865710
2026.01.06 15:00:00	0.865930	0.865930	0.865930	0.865930
2026.01.06 16:00:00	0.865870	0.865870	0.865870	0.865870
2026.01.06 17:00:00	0.865640	0.865640	0.865640	0.865640
2026.01.06 18:00:00	0.865750	0.865750	0.865750	0.865750
2026.01.06 19:00:00	0.866020	0.866020	0.866020	0.866020
2026.01.06 20:00:00	0.865970	0.865970	0.865970	0.865970
2026.01.06 21:00:00	0.865810	0.865810	0.865810	0.865810
2026.01.06 22:00:00	0.865790	0.865790	0.865790	0.865790
2026.01.06 23:00:00	0.865680	0.865680	0.865680	0.865680
2026.01.07 00:00:00	0.865570	0.865570	0.865570	0.865570
2026.01.07 01:00:00	0.865570	0.865570	0.865570	0.865570
2026.01.07 02:00:00	0.865650	0.865650	0.865650	0.865650
2026.01.07 03:00:00	0.865790	0.865790	0.865790	0.865790
2026.01.07 04:00:00	0.865880	0.865880	0.865880	0.865880
2026.01.07 05:00:00	0.865670	0.865670	0.865670	0.865670
2026.01.07 06:00:00	0.865570	0.865570	0.865570	0.865570
2026.01.07 07:00:00	0.865590	0.865590	0.865590	0.865590
2026.01.07 08:00:00	0.865550	0.865550	0.865550	0.865550
2026.01.07 09:00:00	0.865540	0.865540	0.865540	0.865540
2026.01.07 10:00:00	0.865770	0.865770	0.865770	0.865770
2026.01.07 11:00:00	0.865770	0.865770	0.865770	0.865770
2026.01.07 12:00:00	0.865750	0.865750	0.865750	0.865750
2026.01.07 13:00:00	0.865870	0.865870	0.865870	0.865870
2026.01.07 14:00:00	0.865780	0.865780	0.865780	0.865780
2026.01.07 15:00:00	0.866210	0.866210	0.866210	0.866210
2026.01.07 16:00:00	0.866300	0.866300	0.866300	0.866300
2026.01.07 17:00:00	0.866130	0.866130	0.866130	0.866130
2026.01.07 18:00:00	0.867110	0.867110	0.867110	0.867110
2026.01.07 19:00:00	0.867620	0.867620	0.867620	0.867620
2026.01.07 20:00:00	0.867410	0.867410	0.867410	0.867410
2026.01.07 21:00:00	0.867280	0.867280	0.867280	0.867280
2026.01.07 22:00:00	0.867550	0.867550	0.867550	0.867550
2026.01.07 23:00:00	0.867410	0.867410	0.867410	0.867410
2026.01.08 00:00:00	0.867260	0.867260	0.867260	0.867260
2026.01.08 01:00:00	0.867470	0.867470	0.867470	0.867470
2026.01.08 02:00:00	0.867530	0.867530	0.867530	0.867530
2026.01.08 03:00:00	0.867440	0.867440	0.867440	0.867440
2026.01.08 04:00:00	0.867530	0.867530	0.867530	0.867530
2026.01.08 05:00:00	0.867900	0.867900	0.867900	0.867900
2026.01.08 06:00:00	0.867450	0.867450	0.867450	0.867450
2026.01.08 07:00:00	0.867680	0.867680	0.867680	0.867680
2026.01.08 08:00:00	0.867960	0.867960	0.867960	0.867960
2026.01.08 09:00:00	0.867780	0.867780	0.867780	0.867780
2026.01.08 10:00:00	0.868430	0.868430	0.868430	0.868430
2026.01.08 11:00:00	0.868390	0.868390	0.868390	0.868390
2026.01.08 12:00:00	0.868830	0.868830	0.868830	0.868830
2026.01.08 13:00:00	0.868480	0.868480	0.868480	0.868480
2026.01.08 14:00:00	0.868510	0.868510	0.868510	0.868510
2026.01.08 15:00:00	0.868560	0.868560	0.868560	0.868560
2026.01.08 16:00:00	0.868760	0.868760	0.868760	0.868760
2026.01.08 17:00:00	0.868120	0.868120	0.868120	0.868120
2026.01.08 18:00:00	0.867880	0.867880	0.867880	0.867880
2026.01.08 19:00:00	0.867720	0.867720	0.867720	0.867720
2026.01.08 20:00:00	0.867030	0.867030	0.867030	0.867030
2026.01.08 21:00:00	0.867460	0.867460	0.867460	0.867460
2026.01.08 22:00:00	0.867310	0.867310	0.867310	0.867310
2026.01.08 23:00:00	0.867030	0.867030	0.867030	0.867030
2026.01.09 00:00:00	0.867120	0.867120	0.867120	0.867120
2026.01.09 01:00:00	0.867500	0.867500	0.867500	0.867500
2026.01.09 02:00:00	0.867570	0.867570	0.867570	0.867570
2026.01.09 03:00:00	0.867490	0.867490	0.867490	0.867490
2026.01.09 04:00:00	0.867440	0.867440	0.867440	0.867440
2026.01.09 05:00:00	0.867530	0.867530	0.867530	0.867530
2026.01.09 06:00:00	0.867410	0.867410	0.867410	0.867410
2026.01.09 07:00:00	0.867330	0.867330	0.867330	0.867330
2026.01.09 08:00:00	0.867440	0.867440	0.867440	0.867440
2026.01.09 09:00:00	0.867430	0.867430	0.867430	0.867430
2026.01.09 10:00:00	0.867480	0.867480	0.867480	0.867480
2026.01.09 11:00:00	0.868260	0.868260	0.868260	0.868260
2026.01.09 12:00:00	0.868080	0.868080	0.868080	0.868080
2026.01.09 13:00:00	0.868510	0.868510	0.868510	0.868510
2026.01.09 14:00:00	0.868160	0.868160	0.868160	0.868160
2026.01.09 15:00:00	0.867410	0.867410	0.867410	0.867410
2026.01.09 16:00:00	0.866680	0.866680	0.866680	0.866680
2026.01.09 17:00:00	0.867390	0.867390	0.867390	0.867390
2026.01.09 18:00:00	0.867460	0.867460	0.867460	0.867460
2026.01.09 19:00:00	0.867400	0.867400	0.867400	0.867400
2026.01.09 20:00:00	0.867760	0.867760	0.867760	0.867760
2026.01.09 21:00:00	0.867740	0.867740	0.867740	0.867740
2026.01.09 22:00:00	0.867730	0.867730	0.867730	0.867730
2026.01.09 23:00:00	0.867720	0.867720	0.867720	0.867720
2026.01.12 00:00:00	0.867790	0.867790	0.867790	0.867790
2026.01.12 01:00:00	0.867990	0.867990	0.867990	0.867990
2026.01.12 02:00:00	0.867770	0.867770	0.867770	0.867770
2026.01.12 03:00:00	0.868120	0.868120	0.868120	0.868120
2026.01.12 04:00:00	0.868010	0.868010	0.868010	0.868010
2026.01.12 05:00:00	0.868180	0.868180	0.868180	0.868180
2026.01.12 06:00:00	0.868380	0.868380	0.868380	0.868380
2026.01.12 07:00:00	0.868270	0.868270	0.868270	0.868270
2026.01.12 08:00:00	0.868550	0.868550	0.868550	0.868550
2026.01.12 09:00:00	0.868280	0.868280	0.868280	0.868280
2026.01.12 10:00:00	0.869040	0.869040	0.869040	0.869040
2026.01.12 11:00:00	0.868470	0.868470	0.868470	0.868470
2026.01.12 12:00:00	0.868210	0.868210	0.868210	0.868210
2026.01.12 13:00:00	0.867360	0.867360	0.867360	0.867360
2026.01.12 14:00:00	0.867570	0.867570	0.867570	0.867570
2026.01.12 15:00:00	0.867410	0.867410	0.867410	0.867410
2026.01.12 16:00:00	0.867230	0.867230	0.867230	0.867230
2026.01.12 17:00:00	0.866580	0.866580	0.866580	0.866580
2026.01.12 18:00:00	0.866760	0.866760	0.866760	0.866760
2026.01.12 19:00:00	0.866800	0.866800	0.866800	0.866800
2026.01.12 20:00:00	0.866550	0.866550	0.866550	0.866550
2026.01.12 21:00:00	0.866880	0.866880	0.866880	0.866880
2026.01.12 22:00:00	0.866690	0.866690	0.866690	0.866690
2026.01.12 23:00:00	0.866320	0.866320	0.866320	0.866320
2026.01.13 00:00:00	0.865980	0.865980	0.865980	0.865980
2026.01.13 01:00:00	0.866400	0.866400	0.866400	0.866400
2026.01.13 02:00:00	0.866360	0.866360	0.866360	0.866360
2026.01.13 03:00:00	0.865430	0.865430	0.865430	0.865430
2026.01.13 04:00:00	0.865390	0.865390	0.865390	0.865390
2026.01.13 05:00:00	0.865290	0.865290	0.865290	0.865290
2026.01.13 06:00:00	0.865410	0.865410	0.865410	0.865410
2026.01.13 07:00:00	0.865720	0.865720	0.865720	0.865720
2026.01.13 08:00:00	0.865600	0.865600	0.865600	0.865600
2026.01.13 09:00:00	0.865270	0.865270	0.865270	0.865270
2026.01.13 10:00:00	0.866040	0.866040	0.866040	0.866040
2026.01.13 11:00:00	0.865810	0.865810	0.865810	0.865810
2026.01.13 12:00:00	0.865720	0.865720	0.865720	0.865720
2026.01.13 13:00:00	0.865910	0.865910	0.865910	0.865910
2026.01.13 14:00:00	0.866010	0.866010	0.866010	0.866010
2026.01.13 15:00:00	0.865750	0.865750	0.865750	0.865750
2026.01.13 16:00:00	0.865820	0.865820	0.865820	0.865820
2026.01.13 17:00:00	0.866550	0.866550	0.866550	0.866550
2026.01.13 18:00:00	0.866730	0.866730	0.866730	0.866730
2026.01.13 19:00:00	0.866780	0.866780	0.866780	0.866780
2026.01.13 20:00:00	0.866860	0.866860	0.866860	0.866860
2026.01.13 21:00:00	0.866990	0.866990	0.866990	0.866990
2026.01.13 22:00:00	0.867000	0.867000	0.867000	0.867000
2026.01.13 23:00:00	0.866980	0.866980	0.866980	0.866980
2026.01.14 00:00:00	0.867250	0.867250	0.867250	0.867250
2026.01.14 01:00:00	0.867360	0.867360	0.867360	0.867360
2026.01.14 02:00:00	0.867050	0.867050	0.867050	0.867050
2026.01.14 03:00:00	0.867020	0.867020	0.867020	0.867020
2026.01.14 04:00:00	0.866950	0.866950	0.866950	0.866950
2026.01.14 05:00:00	0.866510	0.866510	0.866510	0.866510
2026.01.14 06:00:00	0.866180	0.866180	0.866180	0.866180
2026.01.14 07:00:00	0.866300	0.866300	0.866300	0.866300
2026.01.14 08:00:00	0.866440	0.866440	0.866440	0.866440
2026.01.14 09:00:00	0.866210	0.866210	0.866210	0.866210
2026.01.14 10:00:00	0.866470	0.866470	0.866470	0.866470
2026.01.14 11:00:00	0.865910	0.865910	0.865910	0.865910
2026.01.14 12:00:00	0.865760	0.865760	0.865760	0.865760
2026.01.14 13:00:00	0.866210	0.866210	0.866210	0.866210
2026.01.14 14:00:00	0.865900	0.865900	0.865900	0.865900
2026.01.14 15:00:00	0.866670	0.866670	0.866670	0.866670
2026.01.14 16:00:00	0.866430	0.866430	0.866430	0.866430
2026.01.14 17:00:00	0.866110	0.866110	0.866110	0.866110
2026.01.14 18:00:00	0.866440	0.866440	0.866440	0.866440
2026.01.14 19:00:00	0.866850	0.866850	0.866850	0.866850
2026.01.14 20:00:00	0.867000	0.867000	0.867000	0.867000
2026.01.14 21:00:00	0.866690	0.866690	0.866690	0.866690
2026.01.14 22:00:00	0.866290	0.866290	0.866290	0.866290
2026.01.14 23:00:00	0.866680	0.866680	0.866680	0.866680
2026.01.15 00:00:00	0.865750	0.865750	0.865750	0.865750
2026.01.15 01:00:00	0.866100	0.866100	0.866100	0.866100
2026.01.15 02:00:00	0.866330	0.866330	0.866330	0.866330
2026.01.15 03:00:00	0.865970	0.865970	0.865970	0.865970
2026.01.15 04:00:00	0.866170	0.866170	0.866170	0.866170
2026.01.15 05:00:00	0.866420	0.866420	0.866420	0.866420
2026.01.15 06:00:00	0.866680	0.866680	0.866680	0.866680
2026.01.15 07:00:00	0.866600	0.866600	0.866600	0.866600
2026.01.15 08:00:00	0.866470	0.866470	0.866470	0.866470
2026.01.15 09:00:00	0.866250	0.866250	0.866250	0.866250
2026.01.15 10:00:00	0.865500	0.865500	0.865500	0.865500
2026.01.15 11:00:00	0.865380	0.865380	0.865380	0.865380
2026.01.15 12:00:00	0.865890	0.865890	0.865890	0.865890
2026.01.15 13:00:00	0.866940	0.866940	0.866940	0.866940
2026.01.15 14:00:00	0.866720	0.866720	0.866720	0.866720
2026.01.15 15:00:00	0.867040	0.867040	0.867040	0.867040
2026.01.15 16:00:00	0.867430	0.867430	0.867430	0.867430
2026.01.15 17:00:00	0.867540	0.867540	0.867540	0.867540
2026.01.15 18:00:00	0.866650	0.866650	0.866650	0.866650
2026.01.15 19:00:00	0.866900	0.866900	0.866900	0.866900
2026.01.15 20:00:00	0.867050	0.867050	0.867050	0.867050
2026.01.15 21:00:00	0.867200	0.867200	0.867200	0.867200
2026.01.15 22:00:00	0.867530	0.867530	0.867530	0.867530
2026.01.15 23:00:00	0.867460	0.867460	0.867460	0.867460
2026.01.16 00:00:00	0.867220	0.867220	0.867220	0.867220
2026.01.16 01:00:00	0.867240	0.867240	0.867240	0.867240
2026.01.16 02:00:00	0.867480	0.867480	0.867480	0.867480
2026.01.16 03:00:00	0.867370	0.867370	0.867370	0.867370
2026.01.16 04:00:00	0.867400	0.867400	0.867400	0.867400
2026.01.16 05:00:00	0.867330	0.867330	0.867330	0.867330
2026.01.16 06:00:00	0.867090	0.867090	0.867090	0.867090
2026.01.16 07:00:00	0.867110	0.867110	0.867110	0.867110
2026.01.16 08:00:00	0.867180	0.867180	0.867180	0.867180
2026.01.16 09:00:00	0.867560	0.867560	0.867560	0.867560
2026.01.16 10:00:00	0.867100	0.867100	0.867100	0.867100
2026.01.16 11:00:00	0.866710	0.866710	0.866710	0.866710
2026.01.16 12:00:00	0.866390	0.866390	0.866390	0.866390
2026.01.16 13:00:00	0.866200	0.866200	0.866200	0.866200
2026.01.16 14:00:00	0.866520	0.866520	0.866520	0.866520
2026.01.16 15:00:00	0.866990	0.866990	0.866990	0.866990
2026.01.16 16:00:00	0.866740	0.866740	0.866740	0.866740
2026.01.16 17:00:00	0.867070	0.867070	0.867070	0.867070
2026.01.16 18:00:00	0.866530	0.866530	0.866530	0.866530
2026.01.16 19:00:00	0.866640	0.866640	0.866640	0.866640
2026.01.16 20:00:00	0.866640	0.866640	0.866640	0.866640
2026.01.16 21:00:00	0.866560	0.866560	0.866560	0.866560
2026.01.16 22:00:00	0.866480	0.866480	0.866480	0.866480
2026.01.16 23:00:00	0.866790	0.866790	0.866790	0.866790
2026.01.19 00:00:00	0.866750	0.866750	0.866750	0.866750
2026.01.19 01:00:00	0.867020	0.867020	0.867020	0.867020
2026.01.19 02:00:00	0.867280	0.867280	0.867280	0.867280
2026.01.19 03:00:00	0.867920	0.867920	0.867920	0.867920
2026.01.19 04:00:00	0.867790	0.867790	0.867790	0.867790
2026.01.19 05:00:00	0.867750	0.867750	0.867750	0.867750
2026.01.19 06:00:00	0.868180	0.868180	0.868180	0.868180
2026.01.19 07:00:00	0.868370	0.868370	0.868370	0.868370
2026.01.19 08:00:00	0.867950	0.867950	0.867950	0.867950
2026.01.19 09:00:00	0.867750	0.867750	0.867750	0.867750
2026.01.19 10:00:00	0.868240	0.868240	0.868240	0.868240
2026.01.19 11:00:00	0.866860	0.866860	0.866860	0.866860
2026.01.19 12:00:00	0.867000	0.867000	0.867000	0.867000
2026.01.19 13:00:00	0.866730	0.866730	0.866730	0.866730
2026.01.19 14:00:00	0.867110	0.867110	0.867110	0.867110
2026.01.19 15:00:00	0.867110	0.867110	0.867110	0.867110
2026.01.19 16:00:00	0.867060	0.867060	0.867060	0.867060
2026.01.19 17:00:00	0.867250	0.867250	0.867250	0.867250
2026.01.19 18:00:00	0.867150	0.867150	0.867150	0.867150
2026.01.19 19:00:00	0.866920	0.866920	0.866920	0.866920
2026.01.19 20:00:00	0.866980	0.866980	0.866980	0.866980
2026.01.19 21:00:00	0.867100	0.867100	0.867100	0.867100
2026.01.19 22:00:00	0.867120	0.867120	0.867120	0.867120
2026.01.19 23:00:00	0.867130	0.867130	0.867130	0.867130
2026.01.20 00:00:00	0.867260	0.867260	0.867260	0.867260
2026.01.20 01:00:00	0.867070	0.867070	0.867070	0.867070
2026.01.20 02:00:00	0.867290	0.867290	0.867290	0.867290
2026.01.20 03:00:00	0.867400	0.867400	0.867400	0.867400
2026.01.20 04:00:00	0.867320	0.867320	0.867320	0.867320
2026.01.20 05:00:00	0.867370	0.867370	0.867370	0.867370
2026.01.20 06:00:00	0.867530	0.867530	0.867530	0.867530
2026.01.20 07:00:00	0.867830	0.867830	0.867830	0.867830
2026.01.20 08:00:00	0.867600	0.867600	0.867600	0.867600
2026.01.20 09:00:00	0.868430	0.868430	0.868430	0.868430
2026.01.20 10:00:00	0.867370	0.867370	0.867370	0.867370
2026.01.20 11:00:00	0.869170	0.869170	0.869170	0.869170
2026.01.20 12:00:00	0.870130	0.870130	0.870130	0.870130
2026.01.20 13:00:00	0.870170	0.870170	0.870170	0.870170
2026.01.20 14:00:00	0.871550	0.871550	0.871550	0.871550
2026.01.20 15:00:00	0.872010	0.872010	0.872010	0.872010
2026.01.20 16:00:00	0.872130	0.872130	0.872130	0.872130
2026.01.20 17:00:00	0.870710	0.870710	0.870710	0.870710
2026.01.20 18:00:00	0.871370	0.871370	0.871370	0.871370
2026.01.20 19:00:00	0.871430	0.871430	0.871430	0.871430
2026.01.20 20:00:00	0.871720	0.871720	0.871720	0.871720
2026.01.20 21:00:00	0.872230	0.872230	0.872230	0.872230
2026.01.20 22:00:00	0.872160	0.872160	0.872160	0.872160
2026.01.20 23:00:00	0.872300	0.872300	0.872300	0.872300
2026.01.21 00:00:00	0.871800	0.871800	0.871800	0.871800
2026.01.21 01:00:00	0.871670	0.871670	0.871670	0.871670
2026.01.21 02:00:00	0.872440	0.872440	0.872440	0.872440
2026.01.21 03:00:00	0.872060	0.872060	0.872060	0.872060
2026.01.21 04:00:00	0.871810	0.871810	0.871810	0.871810
2026.01.21 05:00:00	0.872170	0.872170	0.872170	0.872170
2026.01.21 06:00:00	0.871830	0.871830	0.871830	0.871830
2026.01.21 07:00:00	0.871920	0.871920	0.871920	0.871920
2026.01.21 08:00:00	0.871890	0.871890	0.871890	0.871890
2026.01.21 09:00:00	0.872440	0.872440	0.872440	0.872440
2026.01.21 10:00:00	0.871530	0.871530	0.871530	0.871530
2026.01.21 11:00:00	0.871290	0.871290	0.871290	0.871290
2026.01.21 12:00:00	0.872640	0.872640	0.872640	0.872640
2026.01.21 13:00:00	0.873080	0.873080	0.873080	0.873080
2026.01.21 14:00:00	0.873470	0.873470	0.873470	0.873470
2026.01.21 15:00:00	0.874040	0.874040	0.874040	0.874040
2026.01.21 16:00:00	0.873260	0.873260	0.873260	0.873260
2026.01.21 17:00:00	0.871580	0.871580	0.871580	0.871580
2026.01.21 18:00:00	0.871420	0.871420	0.871420	0.871420
2026.01.21 19:00:00	0.871480	0.871480	0.871480	0.871480
2026.01.21 20:00:00	0.871440	0.871440	0.871440	0.871440
2026.01.21 21:00:00	0.871420	0.871420	0.871420	0.871420
2026.01.21 22:00:00	0.870750	0.870750	0.870750	0.870750
2026.01.21 23:00:00	0.870450	0.870450	0.870450	0.870450
2026.01.22 00:00:00	0.869810	0.869810	0.869810	0.869810
2026.01.22 01:00:00	0.869820	0.869820	0.869820	0.869820
2026.01.22 02:00:00	0.869850	0.869850	0.869850	0.869850
2026.01.22 03:00:00	0.870190	0.870190	0.870190	0.870190
2026.01.22 04:00:00	0.870230	0.870230	0.870230	0.870230
2026.01.22 05:00:00	0.870320	0.870320	0.870320	0.870320
2026.01.22 06:00:00	0.870120	0.870120	0.870120	0.870120
2026.01.22 07:00:00	0.870370	0.870370	0.870370	0.870370
2026.01.22 08:00:00	0.870300	0.870300	0.870300	0.870300
2026.01.22 09:00:00	0.870520	0.870520	0.870520	0.870520
2026.01.22 10:00:00	0.870310	0.870310	0.870310	0.870310
2026.01.22 11:00:00	0.871050	0.871050	0.871050	0.871050
2026.01.22 12:00:00	0.869630	0.869630	0.869630	0.869630
2026.01.22 13:00:00	0.869610	0.869610	0.869610	0.869610
2026.01.22 14:00:00	0.871880	0.871880	0.871880	0.871880
2026.01.22 15:00:00	0.871690	0.871690	0.871690	0.871690
2026.01.22 16:00:00	0.872600	0.872600	0.872600	0.872600
2026.01.22 17:00:00	0.871480	0.871480	0.871480	0.871480
2026.01.22 18:00:00	0.870540	0.870540	0.870540	0.870540
2026.01.22 19:00:00	0.870150	0.870150	0.870150	0.870150
2026.01.22 20:00:00	0.870530	0.870530	0.870530	0.870530
2026.01.22 21:00:00	0.870180	0.870180	0.870180	0.870180
2026.01.22 22:00:00	0.870420	0.870420	0.870420	0.870420
2026.01.22 23:00:00	0.870360	0.870360	0.870360	0.870360
2026.01.23 00:00:00	0.870540	0.870540	0.870540	0.870540
2026.01.23 01:00:00	0.870420	0.870420	0.870420	0.870420
2026.01.23 02:00:00	0.870600	0.870600	0.870600	0.870600
2026.01.23 03:00:00	0.870400	0.870400	0.870400	0.870400
2026.01.23 04:00:00	0.870380	0.870380	0.870380	0.870380
2026.01.23 05:00:00	0.870420	0.870420	0.870420	0.870420
2026.01.23 06:00:00	0.870450	0.870450	0.870450	0.870450
2026.01.23 07:00:00	0.870460	0.870460	0.870460	0.870460
2026.01.23 08:00:00	0.870440	0.870440	0.870440	0.870440
2026.01.23 09:00:00	0.870740	0.870740	0.870740	0.870740
2026.01.23 10:00:00	0.869730	0.869730	0.869730	0.869730
2026.01.23 11:00:00	0.869460	0.869460	0.869460	0.869460
2026.01.23 12:00:00	0.867270	0.867270	0.867270	0.867270
2026.01.23 13:00:00	0.867400	0.867400	0.867400	0.867400
2026.01.23 14:00:00	0.868190	0.868190	0.868190	0.868190
2026.01.23 15:00:00	0.867890	0.867890	0.867890	0.867890
2026.01.23 16:00:00	0.867500	0.867500	0.867500	0.867500
2026.01.23 17:00:00	0.867610	0.867610	0.867610	0.867610
2026.01.23 18:00:00	0.866740	0.866740	0.866740	0.866740
2026.01.23 19:00:00	0.866150	0.866150	0.866150	0.866150
2026.01.23 20:00:00	0.866620	0.866620	0.866620	0.866620
2026.01.23 21:00:00	0.866640	0.866640	0.866640	0.866640
2026.01.23 22:00:00	0.866920	0.866920	0.866920	0.866920
2026.01.23 23:00:00	0.866760	0.866760	0.866760	0.866760
2026.01.26 00:00:00	0.867420	0.867420	0.867420	0.867420
2026.01.26 01:00:00	0.868960	0.868960	0.868960	0.868960
2026.01.26 02:00:00	0.867850	0.867850	0.867850	0.867850
2026.01.26 03:00:00	0.867840	0.867840	0.867840	0.867840
2026.01.26 04:00:00	0.867910	0.867910	0.867910	0.867910
2026.01.26 05:00:00	0.868100	0.868100	0.868100	0.868100
2026.01.26 06:00:00	0.868310	0.868310	0.868310	0.868310
2026.01.26 07:00:00	0.868070	0.868070	0.868070	0.868070
2026.01.26 08:00:00	0.868060	0.868060	0.868060	0.868060
2026.01.26 09:00:00	0.867770	0.867770	0.867770	0.867770
2026.01.26 10:00:00	0.867450	0.867450	0.867450	0.867450
2026.01.26 11:00:00	0.867510	0.867510	0.867510	0.867510
2026.01.26 12:00:00	0.867650	0.867650	0.867650	0.867650
2026.01.26 13:00:00	0.867510	0.867510	0.867510	0.867510
2026.01.26 14:00:00	0.867450	0.867450	0.867450	0.867450
2026.01.26 15:00:00	0.867270	0.867270	0.867270	0.867270
2026.01.26 16:00:00	0.867750	0.867750	0.867750	0.867750
2026.01.26 17:00:00	0.867550	0.867550	0.867550	0.867550
2026.01.26 18:00:00	0.867690	0.867690	0.867690	0.867690
2026.01.26 19:00:00	0.867700	0.867700	0.867700	0.867700
2026.01.26 20:00:00	0.867740	0.867740	0.867740	0.867740
2026.01.26 21:00:00	0.867720	0.867720	0.867720	0.867720
2026.01.26 22:00:00	0.868120	0.868120	0.868120	0.868120
2026.01.26 23:00:00	0.868480	0.868480	0.868480	0.868480
2026.01.27 00:00:00	0.868070	0.868070	0.868070	0.868070
2026.01.27 01:00:00	0.868280	0.868280	0.868280	0.868280
2026.01.27 02:00:00	0.868200	0.868200	0.868200	0.868200
2026.01.27 03:00:00	0.868560	0.868560	0.868560	0.868560
2026.01.27 04:00:00	0.868260	0.868260	0.868260	0.868260
2026.01.27 05:00:00	0.868340	0.868340	0.868340	0.868340
2026.01.27 06:00:00	0.868120	0.868120	0.868120	0.868120
2026.01.27 07:00:00	0.868200	0.868200	0.868200	0.868200
2026.01.27 08:00:00	0.868180	0.868180	0.868180	0.868180
2026.01.27 09:00:00	0.867610	0.867610	0.867610	0.867610
2026.01.27 10:00:00	0.867500	0.867500	0.867500	0.867500
2026.01.27 11:00:00	0.867260	0.867260	0.867260	0.867260
2026.01.27 12:00:00	0.867780	0.867780	0.867780	0.867780
2026.01.27 13:00:00	0.867500	0.867500	0.867500	0.867500
2026.01.27 14:00:00	0.867510	0.867510	0.867510	0.867510
2026.01.27 15:00:00	0.868030	0.868030	0.868030	0.868030
2026.01.27 16:00:00	0.868010	0.868010	0.868010	0.868010
2026.01.27 17:00:00	0.867290	0.867290	0.867290	0.867290
2026.01.27 18:00:00	0.868970	0.868970	0.868970	0.868970
2026.01.27 19:00:00	0.869220	0.869220	0.869220	0.869220
2026.01.27 20:00:00	0.868820	0.868820	0.868820	0.868820
2026.01.27 21:00:00	0.869300	0.869300	0.869300	0.869300
2026.01.27 22:00:00	0.868870	0.868870	0.868870	0.868870
2026.01.27 23:00:00	0.869340	0.869340	0.869340	0.869340
2026.01.28 00:00:00	0.870610	0.870610	0.870610	0.870610
2026.01.28 01:00:00	0.869540	0.869540	0.869540	0.869540
2026.01.28 02:00:00	0.869430	0.869430	0.869430	0.869430
2026.01.28 03:00:00	0.869470	0.869470	0.869470	0.869470
2026.01.28 04:00:00	0.868960	0.868960	0.868960	0.868960
2026.01.28 05:00:00	0.869070	0.869070	0.869070	0.869070
2026.01.28 06:00:00	0.869260	0.869260	0.869260	0.869260
2026.01.28 07:00:00	0.869370	0.869370	0.869370	0.869370
2026.01.28 08:00:00	0.868950	0.868950	0.868950	0.868950
2026.01.28 09:00:00	0.868740	0.868740	0.868740	0.868740
2026.01.28 10:00:00	0.868780	0.868780	0.868780	0.868780
2026.01.28 11:00:00	0.868890	0.868890	0.868890	0.868890
2026.01.28 12:00:00	0.869320	0.869320	0.869320	0.869320
2026.01.28 13:00:00	0.869130	0.869130	0.869130	0.869130
2026.01.28 14:00:00	0.869050	0.869050	0.869050	0.869050
2026.01.28 15:00:00	0.868420	0.868420	0.868420	0.868420
2026.01.28 16:00:00	0.868280	0.868280	0.868280	0.868280
2026.01.28 17:00:00	0.867610	0.867610	0.867610	0.867610
2026.01.28 18:00:00	0.866020	0.866020	0.866020	0.866020
2026.01.28 19:00:00	0.866150	0.866150	0.866150	0.866150
2026.01.28 20:00:00	0.865870	0.865870	0.865870	0.865870
2026.01.28 21:00:00	0.865440	0.865440	0.865440	0.865440
2026.01.28 22:00:00	0.865580	0.865580	0.865580	0.865580
2026.01.28 23:00:00	0.865590	0.865590	0.865590	0.865590
2026.01.29 00:00:00	0.865370	0.865370	0.865370	0.865370
2026.01.29 01:00:00	0.865960	0.865960	0.865960	0.865960
2026.01.29 02:00:00	0.866370	0.866370	0.866370	0.866370
2026.01.29 03:00:00	0.866270	0.866270	0.866270	0.866270
2026.01.29 04:00:00	0.866490	0.866490	0.866490	0.866490
2026.01.29 05:00:00	0.866750	0.866750	0.866750	0.866750
2026.01.29 06:00:00	0.866440	0.866440	0.866440	0.866440
2026.01.29 07:00:00	0.866290	0.866290	0.866290	0.866290
2026.01.29 08:00:00	0.865750	0.865750	0.865750	0.865750
2026.01.29 09:00:00	0.866000	0.866000	0.866000	0.866000
2026.01.29 10:00:00	0.865610	0.865610	0.865610	0.865610
2026.01.29 11:00:00	0.865880	0.865880	0.865880	0.865880
2026.01.29 12:00:00	0.866050	0.866050	0.866050	0.866050
2026.01.29 13:00:00	0.866360	0.866360	0.866360	0.866360
2026.01.29 14:00:00	0.866010	0.866010	0.866010	0.866010
2026.01.29 15:00:00	0.865820	0.865820	0.865820	0.865820
2026.01.29 16:00:00	0.865920	0.865920	0.865920	0.865920
2026.01.29 17:00:00	0.865640	0.865640	0.865640	0.865640
2026.01.29 18:00:00	0.866660	0.866660	0.866660	0.866660
2026.01.29 19:00:00	0.865780	0.865780	0.865780	0.865780
2026.01.29 20:00:00	0.866400	0.866400	0.866400	0.866400
2026.01.29 21:00:00	0.866560	0.866560	0.866560	0.866560
2026.01.29 22:00:00	0.866360	0.866360	0.866360	0.866360
2026.01.29 23:00:00	0.866620	0.866620	0.866620	0.866620
2026.01.30 00:00:00	0.866470	0.866470	0.866470	0.866470
2026.01.30 01:00:00	0.866600	0.866600	0.866600	0.866600
2026.01.30 02:00:00	0.866600	0.866600	0.866600	0.866600
2026.01.30 03:00:00	0.865950	0.865950	0.865950	0.865950
2026.01.30 04:00:00	0.865910	0.865910	0.865910	0.865910
2026.01.30 05:00:00	0.865970	0.865970	0.865970	0.865970
2026.01.30 06:00:00	0.866620	0.866620	0.866620	0.866620
2026.01.30 07:00:00	0.866970	0.866970	0.866970	0.866970
2026.01.30 08:00:00	0.866800	0.866800	0.866800	0.866800
2026.01.30 09:00:00	0.866690	0.866690	0.866690	0.866690
2026.01.30 10:00:00	0.866880	0.866880	0.866880	0.866880
2026.01.30 11:00:00	0.866850	0.866850	0.866850	0.866850
2026.01.30 12:00:00	0.866990	0.866990	0.866990	0.866990
2026.01.30 13:00:00	0.867000	0.867000	0.867000	0.867000
2026.01.30 14:00:00	0.867110	0.867110	0.867110	0.867110
2026.01.30 15:00:00	0.866020	0.866020	0.866020	0.866020
2026.01.30 16:00:00	0.866630	0.866630	0.866630	0.866630
2026.01.30 17:00:00	0.866500	0.866500	0.866500	0.866500
2026.01.30 18:00:00	0.866920	0.866920	0.866920	0.866920
2026.01.30 19:00:00	0.865790	0.865790	0.865790	0.865790
2026.01.30 20:00:00	0.865950	0.865950	0.865950	0.865950
2026.01.30 21:00:00	0.866210	0.866210	0.866210	0.866210
2026.01.30 22:00:00	0.866400	0.866400	0.866400	0.866400
2026.01.30 23:00:00	0.866130	0.866130	0.866130	0.866130
2026.02.02 00:00:00	0.865500	0.865500	0.865500	0.865500
2026.02.02 01:00:00	0.865710	0.865710	0.865710	0.865710
2026.02.02 02:00:00	0.866110	0.866110	0.866110	0.866110
2026.02.02 03:00:00	0.866070	0.866070	0.866070	0.866070
2026.02.02 04:00:00	0.866800	0.866800	0.866800	0.866800
2026.02.02 05:00:00	0.866930	0.866930	0.866930	0.866930
2026.02.02 06:00:00	0.866910	0.866910	0.866910	0.866910
2026.02.02 07:00:00	0.866960	0.866960	0.866960	0.866960
2026.02.02 08:00:00	0.866660	0.866660	0.866660	0.866660
2026.02.02 09:00:00	0.866690	0.866690	0.866690	0.866690
2026.02.02 10:00:00	0.866420	0.866420	0.866420	0.866420
2026.02.02 11:00:00	0.865420	0.865420	0.865420	0.865420
2026.02.02 12:00:00	0.865200	0.865200	0.865200	0.865200
2026.02.02 13:00:00	0.865840	0.865840	0.865840	0.865840
2026.02.02 14:00:00	0.865940	0.865940	0.865940	0.865940
2026.02.02 15:00:00	0.865610	0.865610	0.865610	0.865610
2026.02.02 16:00:00	0.865790	0.865790	0.865790	0.865790
2026.02.02 17:00:00	0.864810	0.864810	0.864810	0.864810
2026.02.02 18:00:00	0.865200	0.865200	0.865200	0.865200
2026.02.02 19:00:00	0.864660	0.864660	0.864660	0.864660
2026.02.02 20:00:00	0.863740	0.863740	0.863740	0.863740
2026.02.02 21:00:00	0.862890	0.862890	0.862890	0.862890
2026.02.02 22:00:00	0.862970	0.862970	0.862970	0.862970
2026.02.02 23:00:00	0.862740	0.862740	0.862740	0.862740
2026.02.03 00:00:00	0.862670	0.862670	0.862670	0.862670
2026.02.03 01:00:00	0.862550	0.862550	0.862550	0.862550
2026.02.03 02:00:00	0.862840	0.862840	0.862840	0.862840
2026.02.03 03:00:00	0.862940	0.862940	0.862940	0.862940
2026.02.03 04:00:00	0.863120	0.863120	0.863120	0.863120
2026.02.03 05:00:00	0.863050	0.863050	0.863050	0.863050
2026.02.03 06:00:00	0.862860	0.862860	0.862860	0.862860
2026.02.03 07:00:00	0.862700	0.862700	0.862700	0.862700
2026.02.03 08:00:00	0.862520	0.862520	0.862520	0.862520
2026.02.03 09:00:00	0.862670	0.862670	0.862670	0.862670
2026.02.03 10:00:00	0.862520	0.862520	0.862520	0.862520
2026.02.03 11:00:00	0.863060	0.863060	0.863060	0.863060
2026.02.03 12:00:00	0.862730	0.862730	0.862730	0.862730
2026.02.03 13:00:00	0.863100	0.863100	0.863100	0.863100
2026.02.03 14:00:00	0.863390	0.863390	0.863390	0.863390
2026.02.03 15:00:00	0.862110	0.862110	0.862110	0.862110
2026.02.03 16:00:00	0.862810	0.862810	0.862810	0.862810
2026.02.03 17:00:00	0.862560	0.862560	0.862560	0.862560
2026.02.03 18:00:00	0.861970	0.861970	0.861970	0.861970
2026.02.03 19:00:00	0.862580	0.862580	0.862580	0.862580
2026.02.03 20:00:00	0.862690	0.862690	0.862690	0.862690
2026.02.03 21:00:00	0.863280	0.863280	0.863280	0.863280
2026.02.03 22:00:00	0.862970	0.862970	0.862970	0.862970
2026.02.03 23:00:00	0.862990	0.862990	0.862990	0.862990
2026.02.04 00:00:00	0.862530	0.862530	0.862530	0.862530
2026.02.04 01:00:00	0.862590	0.862590	0.862590	0.862590
2026.02.04 02:00:00	0.862540	0.862540	0.862540	0.862540
2026.02.04 03:00:00	0.862650	0.862650	0.862650	0.862650
2026.02.04 04:00:00	0.862700	0.862700	0.862700	0.862700
2026.02.04 05:00:00	0.862820	0.862820	0.862820	0.862820
2026.02.04 06:00:00	0.862940	0.862940	0.862940	0.862940
2026.02.04 07:00:00	0.862800	0.862800	0.862800	0.862800
2026.02.04 08:00:00	0.862670	0.862670	0.862670	0.862670
2026.02.04 09:00:00	0.862570	0.862570	0.862570	0.862570
2026.02.04 10:00:00	0.862570	0.862570	0.862570	0.862570
2026.02.04 11:00:00	0.861490	0.861490	0.861490	0.861490
2026.02.04 12:00:00	0.861700	0.861700	0.861700	0.861700
2026.02.04 13:00:00	0.861200	0.861200	0.861200	0.861200
2026.02.04 14:00:00	0.861420	0.861420	0.861420	0.861420
2026.02.04 15:00:00	0.861550	0.861550	0.861550	0.861550
2026.02.04 16:00:00	0.862030	0.862030	0.862030	0.862030
2026.02.04 17:00:00	0.863020	0.863020	0.863020	0.863020
2026.02.04 18:00:00	0.863230	0.863230	0.863230	0.863230
2026.02.04 19:00:00	0.864090	0.864090	0.864090	0.864090
2026.02.04 20:00:00	0.864430	0.864430	0.864430	0.864430
2026.02.04 21:00:00	0.864400	0.864400	0.864400	0.864400
2026.02.04 22:00:00	0.864220	0.864220	0.864220	0.864220
2026.02.04 23:00:00	0.864630	0.864630	0.864630	0.864630
2026.02.05 00:00:00	0.864270	0.864270	0.864270	0.864270
2026.02.05 01:00:00	0.864640	0.864640	0.864640	0.864640
2026.02.05 02:00:00	0.864740	0.864740	0.864740	0.864740
2026.02.05 03:00:00	0.864580	0.864580	0.864580	0.864580
2026.02.05 04:00:00	0.864770	0.864770	0.864770	0.864770
2026.02.05 05:00:00	0.865150	0.865150	0.865150	0.865150
2026.02.05 06:00:00	0.865190	0.865190	0.865190	0.865190
2026.02.05 07:00:00	0.865020	0.865020	0.865020	0.865020
2026.02.05 08:00:00	0.865560	0.865560	0.865560	0.865560
2026.02.05 09:00:00	0.865720	0.865720	0.865720	0.865720
2026.02.05 10:00:00	0.866190	0.866190	0.866190	0.866190
2026.02.05 11:00:00	0.867550	0.867550	0.867550	0.867550
2026.02.05 12:00:00	0.868310	0.868310	0.868310	0.868310
2026.02.05 13:00:00	0.867470	0.867470	0.867470	0.867470
2026.02.05 14:00:00	0.866230	0.866230	0.866230	0.866230
2026.02.05 15:00:00	0.868710	0.868710	0.868710	0.868710
2026.02.05 16:00:00	0.869360	0.869360	0.869360	0.869360
2026.02.05 17:00:00	0.871460	0.871460	0.871460	0.871460
2026.02.05 18:00:00	0.871520	0.871520	0.871520	0.871520
2026.02.05 19:00:00	0.870880	0.870880	0.870880	0.870880
2026.02.05 20:00:00	0.870750	0.870750	0.870750	0.870750
2026.02.05 21:00:00	0.870730	0.870730	0.870730	0.870730
2026.02.05 22:00:00	0.870380	0.870380	0.870380	0.870380
2026.02.05 23:00:00	0.870060	0.870060	0.870060	0.870060
2026.02.06 00:00:00	0.870100	0.870100	0.870100	0.870100
2026.02.06 01:00:00	0.870290	0.870290	0.870290	0.870290
2026.02.06 02:00:00	0.870900	0.870900	0.870900	0.870900
2026.02.06 03:00:00	0.870780	0.870780	0.870780	0.870780
2026.02.06 04:00:00	0.870290	0.870290	0.870290	0.870290
2026.02.06 05:00:00	0.870100	0.870100	0.870100	0.870100
2026.02.06 06:00:00	0.870090	0.870090	0.870090	0.870090
2026.02.06 07:00:00	0.869810	0.869810	0.869810	0.869810
2026.02.06 08:00:00	0.869370	0.869370	0.869370	0.869370
2026.02.06 09:00:00	0.869160	0.869160	0.869160	0.869160
2026.02.06 10:00:00	0.869060	0.869060	0.869060	0.869060
2026.02.06 11:00:00	0.869050	0.869050	0.869050	0.869050
2026.02.06 12:00:00	0.868440	0.868440	0.868440	0.868440
2026.02.06 13:00:00	0.868460	0.868460	0.868460	0.868460
2026.02.06 14:00:00	0.867850	0.867850	0.867850	0.867850
2026.02.06 15:00:00	0.867710	0.867710	0.867710	0.867710
2026.02.06 16:00:00	0.869040	0.869040	0.869040	0.869040
2026.02.06 17:00:00	0.868540	0.868540	0.868540	0.868540
2026.02.06 18:00:00	0.868050	0.868050	0.868050	0.868050
2026.02.06 19:00:00	0.868200	0.868200	0.868200	0.868200
2026.02.06 20:00:00	0.867710	0.867710	0.867710	0.867710
2026.02.06 21:00:00	0.868060	0.868060	0.868060	0.868060
2026.02.06 22:00:00	0.867920	0.867920	0.867920	0.867920
2026.02.06 23:00:00	0.867970	0.867970	0.867970	0.867970
2026.02.09 00:00:00	0.868210	0.868210	0.868210	0.868210
2026.02.09 01:00:00	0.868310	0.868310	0.868310	0.868310
2026.02.09 02:00:00	0.868910	0.868910	0.868910	0.868910
2026.02.09 03:00:00	0.869080	0.869080	0.869080	0.869080
2026.02.09 04:00:00	0.869350	0.869350	0.869350	0.869350
2026.02.09 05:00:00	0.868730	0.868730	0.868730	0.868730
2026.02.09 06:00:00	0.869000	0.869000	0.869000	0.869000
2026.02.09 07:00:00	0.869230	0.869230	0.869230	0.869230
2026.02.09 08:00:00	0.869110	0.869110	0.869110	0.869110
2026.02.09 09:00:00	0.870360	0.870360	0.870360	0.870360
2026.02.09 10:00:00	0.871400	0.871400	0.871400	0.871400
2026.02.09 11:00:00	0.872180	0.872180	0.872180	0.872180
2026.02.09 12:00:00	0.872080	0.872080	0.872080	0.872080
2026.02.09 13:00:00	0.871390	0.871390	0.871390	0.871390
2026.02.09 14:00:00	0.870270	0.870270	0.870270	0.870270
2026.02.09 15:00:00	0.869680	0.869680	0.869680	0.869680
2026.02.09 16:00:00	0.871910	0.871910	0.871910	0.871910
2026.02.09 17:00:00	0.873440	0.873440	0.873440	0.873440
2026.02.09 18:00:00	0.870800	0.870800	0.870800	0.870800
2026.02.09 19:00:00	0.870500	0.870500	0.870500	0.870500
2026.02.09 20:00:00	0.870950	0.870950	0.870950	0.870950
2026.02.09 21:00:00	0.870320	0.870320	0.870320	0.870320
2026.02.09 22:00:00	0.870180	0.870180	0.870180	0.870180
2026.02.09 23:00:00	0.869900	0.869900	0.869900	0.869900
2026.02.10 00:00:00	0.869770	0.869770	0.869770	0.869770
2026.02.10 01:00:00	0.869600	0.869600	0.869600	0.869600
2026.02.10 02:00:00	0.869910	0.869910	0.869910	0.869910
2026.02.10 03:00:00	0.869880	0.869880	0.869880	0.869880
2026.02.10 04:00:00	0.869920	0.869920	0.869920	0.869920
2026.02.10 05:00:00	0.869930	0.869930	0.869930	0.869930
2026.02.10 06:00:00	0.870300	0.870300	0.870300	0.870300
2026.02.10 07:00:00	0.870190	0.870190	0.870190	0.870190
2026.02.10 08:00:00	0.870420	0.870420	0.870420	0.870420
2026.02.10 09:00:00	0.870530	0.870530	0.870530	0.870530
2026.02.10 10:00:00	0.870910	0.870910	0.870910	0.870910
2026.02.10 11:00:00	0.871060	0.871060	0.871060	0.871060
2026.02.10 12:00:00	0.871600	0.871600	0.871600	0.871600
2026.02.10 13:00:00	0.871480	0.871480	0.871480	0.871480
2026.02.10 14:00:00	0.871140	0.871140	0.871140	0.871140
2026.02.10 15:00:00	0.868910	0.868910	0.868910	0.868910
2026.02.10 16:00:00	0.870110	0.870110	0.870110	0.870110
2026.02.10 17:00:00	0.871070	0.871070	0.871070	0.871070
2026.02.10 18:00:00	0.871210	0.871210	0.871210	0.871210
2026.02.10 19:00:00	0.870670	0.870670	0.870670	0.870670
2026.02.10 20:00:00	0.871170	0.871170	0.871170	0.871170
2026.02.10 21:00:00	0.871500	0.871500	0.871500	0.871500
2026.02.10 22:00:00	0.871440	0.871440	0.871440	0.871440
2026.02.10 23:00:00	0.871770	0.871770	0.871770	0.871770
2026.02.11 00:00:00	0.871720	0.871720	0.871720	0.871720
2026.02.11 01:00:00	0.871550	0.871550	0.871550	0.871550
2026.02.11 02:00:00	0.871910	0.871910	0.871910	0.871910
2026.02.11 03:00:00	0.872170	0.872170	0.872170	0.872170
2026.02.11 04:00:00	0.871910	0.871910	0.871910	0.871910
2026.02.11 05:00:00	0.871810	0.871810	0.871810	0.871810
2026.02.11 06:00:00	0.871580	0.871580	0.871580	0.871580
2026.02.11 07:00:00	0.871670	0.871670	0.871670	0.871670
2026.02.11 08:00:00	0.871780	0.871780	0.871780	0.871780
2026.02.11 09:00:00	0.871530	0.871530	0.871530	0.871530
2026.02.11 10:00:00	0.871460	0.871460	0.871460	0.871460
2026.02.11 11:00:00	0.870340	0.870340	0.870340	0.870340
2026.02.11 12:00:00	0.870110	0.870110	0.870110	0.870110
2026.02.11 13:00:00	0.869700	0.869700	0.869700	0.869700
2026.02.11 14:00:00	0.869670	0.869670	0.869670	0.869670
2026.02.11 15:00:00	0.869820	0.869820	0.869820	0.869820
2026.02.11 16:00:00	0.869440	0.869440	0.869440	0.869440
2026.02.11 17:00:00	0.868440	0.868440	0.868440	0.868440
2026.02.11 18:00:00	0.869790	0.869790	0.869790	0.869790
2026.02.11 19:00:00	0.870340	0.870340	0.870340	0.870340
2026.02.11 20:00:00	0.870180	0.870180	0.870180	0.870180
2026.02.11 21:00:00	0.871070	0.871070	0.871070	0.871070
2026.02.11 22:00:00	0.871300	0.871300	0.871300	0.871300
2026.02.11 23:00:00	0.871370	0.871370	0.871370	0.871370
2026.02.12 00:00:00	0.870910	0.870910	0.870910	0.870910
2026.02.12 01:00:00	0.871150	0.871150	0.871150	0.871150
2026.02.12 02:00:00	0.871580	0.871580	0.871580	0.871580
2026.02.12 03:00:00	0.871170	0.871170	0.871170	0.871170
2026.02.12 04:00:00	0.870920	0.870920	0.870920	0.870920
2026.02.12 05:00:00	0.871090	0.871090	0.871090	0.871090
2026.02.12 06:00:00	0.870640	0.870640	0.870640	0.870640
2026.02.12 07:00:00	0.870510	0.870510	0.870510	0.870510
2026.02.12 08:00:00	0.870900	0.870900	0.870900	0.870900
2026.02.12 09:00:00	0.870930	0.870930	0.870930	0.870930
2026.02.12 10:00:00	0.870830	0.870830	0.870830	0.870830
2026.02.12 11:00:00	0.871050	0.871050	0.871050	0.871050
2026.02.12 12:00:00	0.870810	0.870810	0.870810	0.870810
2026.02.12 13:00:00	0.870770	0.870770	0.870770	0.870770
2026.02.12 14:00:00	0.870600	0.870600	0.870600	0.870600
2026.02.12 15:00:00	0.871060	0.871060	0.871060	0.871060
2026.02.12 16:00:00	0.870610	0.870610	0.870610	0.870610
2026.02.12 17:00:00	0.869560	0.869560	0.869560	0.869560
2026.02.12 18:00:00	0.870420	0.870420	0.870420	0.870420
2026.02.12 19:00:00	0.870700	0.870700	0.870700	0.870700
2026.02.12 20:00:00	0.871140	0.871140	0.871140	0.871140
2026.02.12 21:00:00	0.871170	0.871170	0.871170	0.871170
2026.02.12 22:00:00	0.871160	0.871160	0.871160	0.871160
2026.02.12 23:00:00	0.871310	0.871310	0.871310	0.871310
2026.02.13 00:00:00	0.871080	0.871080	0.871080	0.871080
2026.02.13 01:00:00	0.871190	0.871190	0.871190	0.871190
2026.02.13 02:00:00	0.871460	0.871460	0.871460	0.871460
2026.02.13 03:00:00	0.871500	0.871500	0.871500	0.871500
2026.02.13 04:00:00	0.871390	0.871390	0.871390	0.871390
2026.02.13 05:00:00	0.871360	0.871360	0.871360	0.871360
2026.02.13 06:00:00	0.871510	0.871510	0.871510	0.871510
2026.02.13 07:00:00	0.871430	0.871430	0.871430	0.871430
2026.02.13 08:00:00	0.871690	0.871690	0.871690	0.871690
2026.02.13 09:00:00	0.871570	0.871570	0.871570	0.871570
2026.02.13 10:00:00	0.870940	0.870940	0.870940	0.870940
2026.02.13 11:00:00	0.870670	0.870670	0.870670	0.870670
2026.02.13 12:00:00	0.870570	0.870570	0.870570	0.870570
2026.02.13 13:00:00	0.870600	0.870600	0.870600	0.870600
2026.02.13 14:00:00	0.871670	0.871670	0.871670	0.871670
2026.02.13 15:00:00	0.871650	0.871650	0.871650	0.871650
2026.02.13 16:00:00	0.870890	0.870890	0.870890	0.870890
2026.02.13 17:00:00	0.870240	0.870240	0.870240	0.870240
2026.02.13 18:00:00	0.870300	0.870300	0.870300	0.870300
2026.02.13 19:00:00	0.869930	0.869930	0.869930	0.869930
2026.02.13 20:00:00	0.869960	0.869960	0.869960	0.869960
2026.02.13 21:00:00	0.869630	0.869630	0.869630	0.869630
2026.02.13 22:00:00	0.869680	0.869680	0.869680	0.869680
2026.02.13 23:00:00	0.869420	0.869420	0.869420	0.869420
2026.02.16 00:00:00	0.869930	0.869930	0.869930	0.869930
2026.02.16 01:00:00	0.869660	0.869660	0.869660	0.869660
2026.02.16 02:00:00	0.869460	0.869460	0.869460	0.869460
2026.02.16 03:00:00	0.869450	0.869450	0.869450	0.869450
2026.02.16 04:00:00	0.869570	0.869570	0.869570	0.869570
2026.02.16 05:00:00	0.869680	0.869680	0.869680	0.869680
2026.02.16 06:00:00	0.869830	0.869830	0.869830	0.869830
2026.02.16 07:00:00	0.869600	0.869600	0.869600	0.869600
2026.02.16 08:00:00	0.869810	0.869810	0.869810	0.869810
2026.02.16 09:00:00	0.869680	0.869680	0.869680	0.869680
2026.02.16 10:00:00	0.869360	0.869360	0.869360	0.869360
2026.02.16 11:00:00	0.869020	0.869020	0.869020	0.869020
2026.02.16 12:00:00	0.869440	0.869440	0.869440	0.869440
2026.02.16 13:00:00	0.869250	0.869250	0.869250	0.869250
2026.02.16 14:00:00	0.869230	0.869230	0.869230	0.869230
2026.02.16 15:00:00	0.868750	0.868750	0.868750	0.868750
2026.02.16 16:00:00	0.869470	0.869470	0.869470	0.869470
2026.02.16 17:00:00	0.869400	0.869400	0.869400	0.869400
2026.02.16 18:00:00	0.869430	0.869430	0.869430	0.869430
2026.02.16 19:00:00	0.869540	0.869540	0.869540	0.869540
2026.02.16 20:00:00	0.869360	0.869360	0.869360	0.869360
2026.02.16 21:00:00	0.869330	0.869330	0.869330	0.869330
2026.02.16 22:00:00	0.869460	0.869460	0.869460	0.869460
2026.02.16 23:00:00	0.869550	0.869550	0.869550	0.869550
2026.02.17 00:00:00	0.869140	0.869140	0.869140	0.869140
2026.02.17 01:00:00	0.869020	0.869020	0.869020	0.869020
2026.02.17 02:00:00	0.869530	0.869530	0.869530	0.869530
2026.02.17 03:00:00	0.869510	0.869510	0.869510	0.869510
2026.02.17 04:00:00	0.869750	0.869750	0.869750	0.869750
2026.02.17 05:00:00	0.869780	0.869780	0.869780	0.869780
2026.02.17 06:00:00	0.869790	0.869790	0.869790	0.869790
2026.02.17 07:00:00	0.869820	0.869820	0.869820	0.869820
2026.02.17 08:00:00	0.870120	0.870120	0.870120	0.870120
2026.02.17 09:00:00	0.870040	0.870040	0.870040	0.870040
2026.02.17 10:00:00	0.872370	0.872370	0.872370	0.872370
2026.02.17 11:00:00	0.871490	0.871490	0.871490	0.871490
2026.02.17 12:00:00	0.871530	0.871530	0.871530	0.871530
2026.02.17 13:00:00	0.871010	0.871010	0.871010	0.871010
2026.02.17 14:00:00	0.872080	0.872080	0.872080	0.872080
2026.02.17 15:00:00	0.872900	0.872900	0.872900	0.872900
2026.02.17 16:00:00	0.874030	0.874030	0.874030	0.874030
2026.02.17 17:00:00	0.874420	0.874420	0.874420	0.874420
2026.02.17 18:00:00	0.874590	0.874590	0.874590	0.874590
2026.02.17 19:00:00	0.873790	0.873790	0.873790	0.873790
2026.02.17 20:00:00	0.873870	0.873870	0.873870	0.873870
2026.02.17 21:00:00	0.873730	0.873730	0.873730	0.873730
2026.02.17 22:00:00	0.873560	0.873560	0.873560	0.873560
2026.02.17 23:00:00	0.873740	0.873740	0.873740	0.873740
2026.02.18 00:00:00	0.873530	0.873530	0.873530	0.873530
2026.02.18 01:00:00	0.873660	0.873660	0.873660	0.873660
2026.02.18 02:00:00	0.873670	0.873670	0.873670	0.873670
2026.02.18 03:00:00	0.873450	0.873450	0.873450	0.873450
2026.02.18 04:00:00	0.873630	0.873630	0.873630	0.873630
2026.02.18 05:00:00	0.873740	0.873740	0.873740	0.873740
2026.02.18 06:00:00	0.873600	0.873600	0.873600	0.873600
2026.02.18 07:00:00	0.873590	0.873590	0.873590	0.873590
2026.02.18 08:00:00	0.873540	0.873540	0.873540	0.873540
2026.02.18 09:00:00	0.873330	0.873330	0.873330	0.873330
2026.02.18 10:00:00	0.872610	0.872610	0.872610	0.872610
2026.02.18 11:00:00	0.872050	0.872050	0.872050	0.872050
2026.02.18 12:00:00	0.871830	0.871830	0.871830	0.871830
2026.02.18 13:00:00	0.872090	0.872090	0.872090	0.872090
2026.02.18 14:00:00	0.871800	0.871800	0.871800	0.871800
2026.02.18 15:00:00	0.872200	0.872200	0.872200	0.872200
2026.02.18 16:00:00	0.872380	0.872380	0.872380	0.872380
2026.02.18 17:00:00	0.872730	0.872730	0.872730	0.872730
2026.02.18 18:00:00	0.872710	0.872710	0.872710	0.872710
2026.02.18 19:00:00	0.872500	0.872500	0.872500	0.872500
2026.02.18 20:00:00	0.873040	0.873040	0.873040	0.873040
2026.02.18 21:00:00	0.872340	0.872340	0.872340	0.872340
2026.02.18 22:00:00	0.873040	0.873040	0.873040	0.873040
2026.02.18 23:00:00	0.872790	0.872790	0.872790	0.872790
2026.02.19 00:00:00	0.872840	0.872840	0.872840	0.872840
2026.02.19 01:00:00	0.872840	0.872840	0.872840	0.872840
2026.02.19 02:00:00	0.873450	0.873450	0.873450	0.873450
2026.02.19 03:00:00	0.873920	0.873920	0.873920	0.873920
2026.02.19 04:00:00	0.873790	0.873790	0.873790	0.873790
2026.02.19 05:00:00	0.873640	0.873640	0.873640	0.873640
2026.02.19 06:00:00	0.873890	0.873890	0.873890	0.873890
2026.02.19 07:00:00	0.874260	0.874260	0.874260	0.874260
2026.02.19 08:00:00	0.874170	0.874170	0.874170	0.874170
2026.02.19 09:00:00	0.873870	0.873870	0.873870	0.873870
2026.02.19 10:00:00	0.873370	0.873370	0.873370	0.873370
2026.02.19 11:00:00	0.873690	0.873690	0.873690	0.873690
2026.02.19 12:00:00	0.873690	0.873690	0.873690	0.873690
2026.02.19 13:00:00	0.873900	0.873900	0.873900	0.873900
2026.02.19 14:00:00	0.874760	0.874760	0.874760	0.874760
2026.02.19 15:00:00	0.874110	0.874110	0.874110	0.874110
2026.02.19 16:00:00	0.873570	0.873570	0.873570	0.873570
2026.02.19 17:00:00	0.873960	0.873960	0.873960	0.873960
2026.02.19 18:00:00	0.874230	0.874230	0.874230	0.874230
2026.02.19 19:00:00	0.874680	0.874680	0.874680	0.874680
2026.02.19 20:00:00	0.874550	0.874550	0.874550	0.874550
2026.02.19 21:00:00	0.874240	0.874240	0.874240	0.874240
2026.02.19 22:00:00	0.874420	0.874420	0.874420	0.874420
2026.02.19 23:00:00	0.874320	0.874320	0.874320	0.874320
2026.02.20 00:00:00	0.874120	0.874120	0.874120	0.874120
2026.02.20 01:00:00	0.873850	0.873850	0.873850	0.873850
2026.02.20 02:00:00	0.874240	0.874240	0.874240	0.874240
2026.02.20 03:00:00	0.874300	0.874300	0.874300	0.874300
2026.02.20 04:00:00	0.874390	0.874390	0.874390	0.874390
2026.02.20 05:00:00	0.874460	0.874460	0.874460	0.874460
2026.02.20 06:00:00	0.874500	0.874500	0.874500	0.874500
2026.02.20 07:00:00	0.874450	0.874450	0.874450	0.874450
2026.02.20 08:00:00	0.874190	0.874190	0.874190	0.874190
2026.02.20 09:00:00	0.873910	0.873910	0.873910	0.873910
2026.02.20 10:00:00	0.873880	0.873880	0.873880	0.873880
2026.02.20 11:00:00	0.874170	0.874170	0.874170	0.874170
2026.02.20 12:00:00	0.873650	0.873650	0.873650	0.873650
2026.02.20 13:00:00	0.872880	0.872880	0.872880	0.872880
2026.02.20 14:00:00	0.873490	0.873490	0.873490	0.873490
2026.02.20 15:00:00	0.873150	0.873150	0.873150	0.873150
2026.02.20 16:00:00	0.872600	0.872600	0.872600	0.872600
2026.02.20 17:00:00	0.873080	0.873080	0.873080	0.873080
2026.02.20 18:00:00	0.873070	0.873070	0.873070	0.873070
2026.02.20 19:00:00	0.872610	0.872610	0.872610	0.872610
2026.02.20 20:00:00	0.873180	0.873180	0.873180	0.873180
2026.02.20 21:00:00	0.873260	0.873260	0.873260	0.873260
2026.02.20 22:00:00	0.873480	0.873480	0.873480	0.873480
2026.02.20 23:00:00	0.873640	0.873640	0.873640	0.873640
2026.02.23 00:00:00	0.874350	0.874350	0.874350	0.874350
2026.02.23 01:00:00	0.873720	0.873720	0.873720	0.873720
2026.02.23 02:00:00	0.874360	0.874360	0.874360	0.874360
2026.02.23 03:00:00	0.874500	0.874500	0.874500	0.874500
2026.02.23 04:00:00	0.874690	0.874690	0.874690	0.874690
2026.02.23 05:00:00	0.874520	0.874520	0.874520	0.874520
2026.02.23 06:00:00	0.874560	0.874560	0.874560	0.874560
2026.02.23 07:00:00	0.874240	0.874240	0.874240	0.874240
2026.02.23 08:00:00	0.874130	0.874130	0.874130	0.874130
2026.02.23 09:00:00	0.873870	0.873870	0.873870	0.873870
2026.02.23 10:00:00	0.874030	0.874030	0.874030	0.874030
2026.02.23 11:00:00	0.873750	0.873750	0.873750	0.873750
2026.02.23 12:00:00	0.873510	0.873510	0.873510	0.873510
2026.02.23 13:00:00	0.873360	0.873360	0.873360	0.873360
2026.02.23 14:00:00	0.873530	0.873530	0.873530	0.873530
2026.02.23 15:00:00	0.873500	0.873500	0.873500	0.873500
2026.02.23 16:00:00	0.873280	0.873280	0.873280	0.873280
2026.02.23 17:00:00	0.873070	0.873070	0.873070	0.873070
2026.02.23 18:00:00	0.873940	0.873940	0.873940	0.873940
2026.02.23 19:00:00	0.873810	0.873810	0.873810	0.873810
2026.02.23 20:00:00	0.874160	0.874160	0.874160	0.874160
2026.02.23 21:00:00	0.874010	0.874010	0.874010	0.874010
2026.02.23 22:00:00	0.874040	0.874040	0.874040	0.874040
2026.02.23 23:00:00	0.873680	0.873680	0.873680	0.873680
2026.02.24 00:00:00	0.873260	0.873260	0.873260	0.873260
2026.02.24 01:00:00	0.873370	0.873370	0.873370	0.873370
2026.02.24 02:00:00	0.873740	0.873740	0.873740	0.873740
2026.02.24 03:00:00	0.873450	0.873450	0.873450	0.873450
2026.02.24 04:00:00	0.873240	0.873240	0.873240	0.873240
2026.02.24 05:00:00	0.872870	0.872870	0.872870	0.872870
2026.02.24 06:00:00	0.872890	0.872890	0.872890	0.872890
2026.02.24 07:00:00	0.872860	0.872860	0.872860	0.872860
2026.02.24 08:00:00	0.873220	0.873220	0.873220	0.873220
2026.02.24 09:00:00	0.873340	0.873340	0.873340	0.873340
2026.02.24 10:00:00	0.873840	0.873840	0.873840	0.873840
2026.02.24 11:00:00	0.873770	0.873770	0.873770	0.873770
2026.02.24 12:00:00	0.873080	0.873080	0.873080	0.873080
2026.02.24 13:00:00	0.873330	0.873330	0.873330	0.873330
2026.02.24 14:00:00	0.873430	0.873430	0.873430	0.873430
2026.02.24 15:00:00	0.873350	0.873350	0.873350	0.873350
2026.02.24 16:00:00	0.872840	0.872840	0.872840	0.872840
2026.02.24 17:00:00	0.872100	0.872100	0.872100	0.872100
2026.02.24 18:00:00	0.871040	0.871040	0.871040	0.871040
2026.02.24 19:00:00	0.871190	0.871190	0.871190	0.871190
2026.02.24 20:00:00	0.871740	0.871740	0.871740	0.871740
2026.02.24 21:00:00	0.871910	0.871910	0.871910	0.871910
2026.02.24 22:00:00	0.872290	0.872290	0.872290	0.872290
2026.02.24 23:00:00	0.872300	0.872300	0.872300	0.872300
2026.02.25 00:00:00	0.872330	0.872330	0.872330	0.872330
2026.02.25 01:00:00	0.872280	0.872280	0.872280	0.872280
2026.02.25 02:00:00	0.872340	0.872340	0.872340	0.872340
2026.02.25 03:00:00	0.872100	0.872100	0.872100	0.872100
2026.02.25 04:00:00	0.872210	0.872210	0.872210	0.872210
2026.02.25 05:00:00	0.872200	0.872200	0.872200	0.872200
2026.02.25 06:00:00	0.872370	0.872370	0.872370	0.872370
2026.02.25 07:00:00	0.872510	0.872510	0.872510	0.872510
2026.02.25 08:00:00	0.872640	0.872640	0.872640	0.872640
2026.02.25 09:00:00	0.872740	0.872740	0.872740	0.872740
2026.02.25 10:00:00	0.872050	0.872050	0.872050	0.872050
2026.02.25 11:00:00	0.872170	0.872170	0.872170	0.872170
2026.02.25 12:00:00	0.871940	0.871940	0.871940	0.871940
2026.02.25 13:00:00	0.871760	0.871760	0.871760	0.871760
2026.02.25 14:00:00	0.871780	0.871780	0.871780	0.871780
2026.02.25 15:00:00	0.871470	0.871470	0.871470	0.871470
2026.02.25 16:00:00	0.871510	0.871510	0.871510	0.871510
2026.02.25 17:00:00	0.871600	0.871600	0.871600	0.871600
2026.02.25 18:00:00	0.871890	0.871890	0.871890	0.871890
2026.02.25 19:00:00	0.871040	0.871040	0.871040	0.871040
2026.02.25 20:00:00	0.870930	0.870930	0.870930	0.870930
2026.02.25 21:00:00	0.870950	0.870950	0.870950	0.870950
2026.02.25 22:00:00	0.871130	0.871130	0.871130	0.871130
2026.02.25 23:00:00	0.870960	0.870960	0.870960	0.870960
2026.02.26 00:00:00	0.870800	0.870800	0.870800	0.870800
2026.02.26 01:00:00	0.871150	0.871150	0.871150	0.871150
2026.02.26 02:00:00	0.871380	0.871380	0.871380	0.871380
2026.02.26 03:00:00	0.871270	0.871270	0.871270	0.871270
2026.02.26 04:00:00	0.871280	0.871280	0.871280	0.871280
2026.02.26 05:00:00	0.871150	0.871150	0.871150	0.871150
2026.02.26 06:00:00	0.871630	0.871630	0.871630	0.871630
2026.02.26 07:00:00	0.871580	0.871580	0.871580	0.871580
2026.02.26 08:00:00	0.871510	0.871510	0.871510	0.871510
2026.02.26 09:00:00	0.871790	0.871790	0.871790	0.871790
2026.02.26 10:00:00	0.872130	0.872130	0.872130	0.872130
2026.02.26 11:00:00	0.872640	0.872640	0.872640	0.872640
2026.02.26 12:00:00	0.872020	0.872020	0.872020	0.872020
2026.02.26 13:00:00	0.871580	0.871580	0.871580	0.871580
2026.02.26 14:00:00	0.872130	0.872130	0.872130	0.872130
2026.02.26 15:00:00	0.871520	0.871520	0.871520	0.871520
2026.02.26 16:00:00	0.872130	0.872130	0.872130	0.872130
2026.02.26 17:00:00	0.871980	0.871980	0.871980	0.871980
2026.02.26 18:00:00	0.872980	0.872980	0.872980	0.872980
2026.02.26 19:00:00	0.873210	0.873210	0.873210	0.873210
2026.02.26 20:00:00	0.875390	0.875390	0.875390	0.875390
2026.02.26 21:00:00	0.875080	0.875080	0.875080	0.875080
2026.02.26 22:00:00	0.874570	0.874570	0.874570	0.874570
2026.02.26 23:00:00	0.874620	0.874620	0.874620	0.874620
2026.02.27 00:00:00	0.874810	0.874810	0.874810	0.874810
2026.02.27 01:00:00	0.874930	0.874930	0.874930	0.874930
2026.02.27 02:00:00	0.874780	0.874780	0.874780	0.874780
2026.02.27 03:00:00	0.874620	0.874620	0.874620	0.874620
2026.02.27 04:00:00	0.874740	0.874740	0.874740	0.874740
2026.02.27 05:00:00	0.874830	0.874830	0.874830	0.874830
2026.02.27 06:00:00	0.874780	0.874780	0.874780	0.874780
2026.02.27 07:00:00	0.875060	0.875060	0.875060	0.875060
2026.02.27 08:00:00	0.875260	0.875260	0.875260	0.875260
2026.02.27 09:00:00	0.876290	0.876290	0.876290	0.876290
2026.02.27 10:00:00	0.875890	0.875890	0.875890	0.875890
2026.02.27 11:00:00	0.874940	0.874940	0.874940	0.874940
2026.02.27 12:00:00	0.874640	0.874640	0.874640	0.874640
2026.02.27 13:00:00	0.875500	0.875500	0.875500	0.875500
2026.02.27 14:00:00	0.876180	0.876180	0.876180	0.876180
2026.02.27 15:00:00	0.876060	0.876060	0.876060	0.876060
2026.02.27 16:00:00	0.877040	0.877040	0.877040	0.877040
2026.02.27 17:00:00	0.877020	0.877020	0.877020	0.877020
2026.02.27 18:00:00	0.878180	0.878180	0.878180	0.878180
2026.02.27 19:00:00	0.878580	0.878580	0.878580	0.878580
2026.02.27 20:00:00	0.877810	0.877810	0.877810	0.877810
2026.02.27 21:00:00	0.877090	0.877090	0.877090	0.877090
2026.02.27 22:00:00	0.876640	0.876640	0.876640	0.876640
2026.02.27 23:00:00	0.876630	0.876630	0.876630	0.876630
2026.03.02 00:00:00	0.877180	0.877180	0.877180	0.877180
2026.03.02 01:00:00	0.877440	0.877440	0.877440	0.877440
2026.03.02 02:00:00	0.877120	0.877120	0.877120	0.877120
2026.03.02 03:00:00	0.876690	0.876690	0.876690	0.876690
2026.03.02 04:00:00	0.876580	0.876580	0.876580	0.876580
2026.03.02 05:00:00	0.876720	0.876720	0.876720	0.876720
2026.03.02 06:00:00	0.876550	0.876550	0.876550	0.876550
2026.03.02 07:00:00	0.876960	0.876960	0.876960	0.876960
2026.03.02 08:00:00	0.877020	0.877020	0.877020	0.877020
2026.03.02 09:00:00	0.876650	0.876650	0.876650	0.876650
2026.03.02 10:00:00	0.876750	0.876750	0.876750	0.876750
2026.03.02 11:00:00	0.878010	0.878010	0.878010	0.878010
2026.03.02 12:00:00	0.877320	0.877320	0.877320	0.877320
2026.03.02 13:00:00	0.875530	0.875530	0.875530	0.875530
2026.03.02 14:00:00	0.874760	0.874760	0.874760	0.874760
2026.03.02 15:00:00	0.873610	0.873610	0.873610	0.873610
2026.03.02 16:00:00	0.874070	0.874070	0.874070	0.874070
2026.03.02 17:00:00	0.873560	0.873560	0.873560	0.873560
2026.03.02 18:00:00	0.873410	0.873410	0.873410	0.873410
2026.03.02 19:00:00	0.872900	0.872900	0.872900	0.872900
2026.03.02 20:00:00	0.872560	0.872560	0.872560	0.872560
2026.03.02 21:00:00	0.872260	0.872260	0.872260	0.872260
2026.03.02 22:00:00	0.872020	0.872020	0.872020	0.872020
2026.03.02 23:00:00	0.872220	0.872220	0.872220	0.872220
2026.03.03 00:00:00	0.871730	0.871730	0.871730	0.871730
2026.03.03 01:00:00	0.871840	0.871840	0.871840	0.871840
2026.03.03 02:00:00	0.872110	0.872110	0.872110	0.872110
2026.03.03 03:00:00	0.871910	0.871910	0.871910	0.871910
2026.03.03 04:00:00	0.872210	0.872210	0.872210	0.872210
2026.03.03 05:00:00	0.872290	0.872290	0.872290	0.872290
2026.03.03 06:00:00	0.872380	0.872380	0.872380	0.872380
2026.03.03 07:00:00	0.872680	0.872680	0.872680	0.872680
2026.03.03 08:00:00	0.872970	0.872970	0.872970	0.872970
2026.03.03 09:00:00	0.873270	0.873270	0.873270	0.873270
2026.03.03 10:00:00	0.873040	0.873040	0.873040	0.873040
2026.03.03 11:00:00	0.873540	0.873540	0.873540	0.873540
2026.03.03 12:00:00	0.872640	0.872640	0.872640	0.872640
2026.03.03 13:00:00	0.872450	0.872450	0.872450	0.872450
2026.03.03 14:00:00	0.872350	0.872350	0.872350	0.872350
2026.03.03 15:00:00	0.871590	0.871590	0.871590	0.871590
2026.03.03 16:00:00	0.871310	0.871310	0.871310	0.871310
2026.03.03 17:00:00	0.870670	0.870670	0.870670	0.870670
2026.03.03 18:00:00	0.869940	0.869940	0.869940	0.869940
2026.03.03 19:00:00	0.870510	0.870510	0.870510	0.870510
2026.03.03 20:00:00	0.869860	0.869860	0.869860	0.869860
2026.03.03 21:00:00	0.869770	0.869770	0.869770	0.869770
2026.03.03 22:00:00	0.869380	0.869380	0.869380	0.869380
2026.03.03 23:00:00	0.869360	0.869360	0.869360	0.869360
2026.03.04 00:00:00	0.868880	0.868880	0.868880	0.868880
2026.03.04 01:00:00	0.869370	0.869370	0.869370	0.869370
2026.03.04 02:00:00	0.869520	0.869520	0.869520	0.869520
2026.03.04 03:00:00	0.869590	0.869590	0.869590	0.869590
2026.03.04 04:00:00	0.869960	0.869960	0.869960	0.869960
2026.03.04 05:00:00	0.870000	0.870000	0.870000	0.870000
2026.03.04 06:00:00	0.870190	0.870190	0.870190	0.870190
2026.03.04 07:00:00	0.870760	0.870760	0.870760	0.870760
2026.03.04 08:00:00	0.870580	0.870580	0.870580	0.870580
2026.03.04 09:00:00	0.870740	0.870740	0.870740	0.870740
2026.03.04 10:00:00	0.869410	0.869410	0.869410	0.869410
2026.03.04 11:00:00	0.869520	0.869520	0.869520	0.869520
2026.03.04 12:00:00	0.868780	0.868780	0.868780	0.868780
2026.03.04 13:00:00	0.869530	0.869530	0.869530	0.869530
2026.03.04 14:00:00	0.869610	0.869610	0.869610	0.869610
2026.03.04 15:00:00	0.870970	0.870970	0.870970	0.870970
2026.03.04 16:00:00	0.870330	0.870330	0.870330	0.870330
2026.03.04 17:00:00	0.869840	0.869840	0.869840	0.869840
2026.03.04 18:00:00	0.870890	0.870890	0.870890	0.870890
2026.03.04 19:00:00	0.870480	0.870480	0.870480	0.870480
2026.03.04 20:00:00	0.870590	0.870590	0.870590	0.870590
2026.03.04 21:00:00	0.870590	0.870590	0.870590	0.870590
2026.03.04 22:00:00	0.870190	0.870190	0.870190	0.870190
2026.03.04 23:00:00	0.870120	0.870120	0.870120	0.870120
2026.03.05 00:00:00	0.869510	0.869510	0.869510	0.869510
2026.03.05 01:00:00	0.869870	0.869870	0.869870	0.869870
2026.03.05 02:00:00	0.870190	0.870190	0.870190	0.870190
2026.03.05 03:00:00	0.869950	0.869950	0.869950	0.869950
2026.03.05 04:00:00	0.869800	0.869800	0.869800	0.869800
2026.03.05 05:00:00	0.869850	0.869850	0.869850	0.869850
2026.03.05 06:00:00	0.870390	0.870390	0.870390	0.870390
2026.03.05 07:00:00	0.870360	0.870360	0.870360	0.870360
2026.03.05 08:00:00	0.870740	0.870740	0.870740	0.870740
2026.03.05 09:00:00	0.870490	0.870490	0.870490	0.870490
2026.03.05 10:00:00	0.869730	0.869730	0.869730	0.869730
2026.03.05 11:00:00	0.870290	0.870290	0.870290	0.870290
2026.03.05 12:00:00	0.870210	0.870210	0.870210	0.870210
2026.03.05 13:00:00	0.869600	0.869600	0.869600	0.869600
2026.03.05 14:00:00	0.869100	0.869100	0.869100	0.869100
2026.03.05 15:00:00	0.869250	0.869250	0.869250	0.869250
2026.03.05 16:00:00	0.868930	0.868930	0.868930	0.868930
2026.03.05 17:00:00	0.869400	0.869400	0.869400	0.869400
2026.03.05 18:00:00	0.869310	0.869310	0.869310	0.869310
2026.03.05 19:00:00	0.869650	0.869650	0.869650	0.869650
2026.03.05 20:00:00	0.869240	0.869240	0.869240	0.869240
2026.03.05 21:00:00	0.868980	0.868980	0.868980	0.868980
2026.03.05 22:00:00	0.868750	0.868750	0.868750	0.868750
2026.03.05 23:00:00	0.868750	0.868750	0.868750	0.868750
2026.03.06 00:00:00	0.868730	0.868730	0.868730	0.868730
2026.03.06 01:00:00	0.869310	0.869310	0.869310	0.869310
2026.03.06 02:00:00	0.868930	0.868930	0.868930	0.868930
2026.03.06 03:00:00	0.869010	0.869010	0.869010	0.869010
2026.03.06 04:00:00	0.868940	0.868940	0.868940	0.868940
2026.03.06 05:00:00	0.869020	0.869020	0.869020	0.869020
2026.03.06 06:00:00	0.868920	0.868920	0.868920	0.868920
2026.03.06 07:00:00	0.869020	0.869020	0.869020	0.869020
2026.03.06 08:00:00	0.868890	0.868890	0.868890	0.868890
2026.03.06 09:00:00	0.868500	0.868500	0.868500	0.868500
2026.03.06 10:00:00	0.868650	0.868650	0.868650	0.868650
2026.03.06 11:00:00	0.868090	0.868090	0.868090	0.868090
2026.03.06 12:00:00	0.868600	0.868600	0.868600	0.868600
2026.03.06 13:00:00	0.867810	0.867810	0.867810	0.867810
2026.03.06 14:00:00	0.868060	0.868060	0.868060	0.868060
2026.03.06 15:00:00	0.866970	0.866970	0.866970	0.866970
2026.03.06 16:00:00	0.866200	0.866200	0.866200	0.866200
2026.03.06 17:00:00	0.867340	0.867340	0.867340	0.867340
2026.03.06 18:00:00	0.866720	0.866720	0.866720	0.866720
2026.03.06 19:00:00	0.866150	0.866150	0.866150	0.866150
2026.03.06 20:00:00	0.866110	0.866110	0.866110	0.866110
2026.03.06 21:00:00	0.866330	0.866330	0.866330	0.866330
2026.03.06 22:00:00	0.866530	0.866530	0.866530	0.866530
2026.03.06 23:00:00	0.866570	0.866570	0.866570	0.866570
2026.03.08 23:00:00	0.865360	0.865360	0.865360	0.865360
2026.03.09 00:00:00	0.865290	0.865290	0.865290	0.865290
2026.03.09 01:00:00	0.866100	0.866100	0.866100	0.866100
2026.03.09 02:00:00	0.866050	0.866050	0.866050	0.866050
2026.03.09 03:00:00	0.865860	0.865860	0.865860	0.865860
2026.03.09 04:00:00	0.866190	0.866190	0.866190	0.866190
2026.03.09 05:00:00	0.866150	0.866150	0.866150	0.866150
2026.03.09 06:00:00	0.866140	0.866140	0.866140	0.866140
2026.03.09 07:00:00	0.866680	0.866680	0.866680	0.866680
2026.03.09 08:00:00	0.867460	0.867460	0.867460	0.867460
2026.03.09 09:00:00	0.867190	0.867190	0.867190	0.867190
2026.03.09 10:00:00	0.866420	0.866420	0.866420	0.866420
2026.03.09 11:00:00	0.865950	0.865950	0.865950	0.865950
2026.03.09 12:00:00	0.866090	0.866090	0.866090	0.866090
2026.03.09 13:00:00	0.866190	0.866190	0.866190	0.866190
2026.03.09 14:00:00	0.866090	0.866090	0.866090	0.866090
2026.03.09 15:00:00	0.865150	0.865150	0.865150	0.865150
2026.03.09 16:00:00	0.865510	0.865510	0.865510	0.865510
2026.03.09 17:00:00	0.865030	0.865030	0.865030	0.865030
2026.03.09 18:00:00	0.865420	0.865420	0.865420	0.865420
2026.03.09 19:00:00	0.865230	0.865230	0.865230	0.865230
2026.03.09 20:00:00	0.864950	0.864950	0.864950	0.864950
2026.03.09 21:00:00	0.864810	0.864810	0.864810	0.864810
2026.03.09 22:00:00	0.864370	0.864370	0.864370	0.864370
2026.03.09 23:00:00	0.865610	0.865610	0.865610	0.865610
2026.03.10 00:00:00	0.865450	0.865450	0.865450	0.865450
2026.03.10 01:00:00	0.865710	0.865710	0.865710	0.865710
2026.03.10 02:00:00	0.865270	0.865270	0.865270	0.865270
2026.03.10 03:00:00	0.865250	0.865250	0.865250	0.865250
2026.03.10 04:00:00	0.865060	0.865060	0.865060	0.865060
2026.03.10 05:00:00	0.865170	0.865170	0.865170	0.865170
2026.03.10 06:00:00	0.865240	0.865240	0.865240	0.865240
2026.03.10 07:00:00	0.864860	0.864860	0.864860	0.864860
2026.03.10 08:00:00	0.864770	0.864770	0.864770	0.864770
2026.03.10 09:00:00	0.864760	0.864760	0.864760	0.864760
2026.03.10 10:00:00	0.865120	0.865120	0.865120	0.865120
2026.03.10 11:00:00	0.865150	0.865150	0.865150	0.865150
2026.03.10 12:00:00	0.865690	0.865690	0.865690	0.865690
2026.03.10 13:00:00	0.865250	0.865250	0.865250	0.865250
2026.03.10 14:00:00	0.865590	0.865590	0.865590	0.865590
2026.03.10 15:00:00	0.865470	0.865470	0.865470	0.865470
2026.03.10 16:00:00	0.864900	0.864900	0.864900	0.864900
2026.03.10 17:00:00	0.864850	0.864850	0.864850	0.864850
2026.03.10 18:00:00	0.865400	0.865400	0.865400	0.865400
2026.03.10 19:00:00	0.865390	0.865390	0.865390	0.865390
2026.03.10 20:00:00	0.864920	0.864920	0.864920	0.864920
2026.03.10 21:00:00	0.865570	0.865570	0.865570	0.865570
2026.03.10 22:00:00	0.865470	0.865470	0.865470	0.865470
2026.03.10 23:00:00	0.865200	0.865200	0.865200	0.865200
2026.03.11 00:00:00	0.865050	0.865050	0.865050	0.865050
2026.03.11 01:00:00	0.865070	0.865070	0.865070	0.865070
2026.03.11 02:00:00	0.865170	0.865170	0.865170	0.865170
2026.03.11 03:00:00	0.864940	0.864940	0.864940	0.864940
2026.03.11 04:00:00	0.864640	0.864640	0.864640	0.864640
2026.03.11 05:00:00	0.864530	0.864530	0.864530	0.864530
2026.03.11 06:00:00	0.864490	0.864490	0.864490	0.864490
2026.03.11 07:00:00	0.864590	0.864590	0.864590	0.864590
2026.03.11 08:00:00	0.864910	0.864910	0.864910	0.864910
2026.03.11 09:00:00	0.864910	0.864910	0.864910	0.864910
2026.03.11 10:00:00	0.864590	0.864590	0.864590	0.864590
2026.03.11 11:00:00	0.864790	0.864790	0.864790	0.864790
2026.03.11 12:00:00	0.863990	0.863990	0.863990	0.863990
2026.03.11 13:00:00	0.863170	0.863170	0.863170	0.863170
2026.03.11 14:00:00	0.863380	0.863380	0.863380	0.863380
2026.03.11 15:00:00	0.864330	0.864330	0.864330	0.864330
2026.03.11 16:00:00	0.863780	0.863780	0.863780	0.863780
2026.03.11 17:00:00	0.862730	0.862730	0.862730	0.862730
2026.03.11 18:00:00	0.863220	0.863220	0.863220	0.863220
2026.03.11 19:00:00	0.862770	0.862770	0.862770	0.862770
2026.03.11 20:00:00	0.862790	0.862790	0.862790	0.862790
2026.03.11 21:00:00	0.862470	0.862470	0.862470	0.862470
2026.03.11 22:00:00	0.862390	0.862390	0.862390	0.862390
2026.03.11 23:00:00	0.862350	0.862350	0.862350	0.862350
2026.03.12 00:00:00	0.862600	0.862600	0.862600	0.862600
2026.03.12 01:00:00	0.862540	0.862540	0.862540	0.862540
2026.03.12 02:00:00	0.862430	0.862430	0.862430	0.862430
2026.03.12 03:00:00	0.862650	0.862650	0.862650	0.862650
2026.03.12 04:00:00	0.862650	0.862650	0.862650	0.862650
2026.03.12 05:00:00	0.862900	0.862900	0.862900	0.862900
2026.03.12 06:00:00	0.862820	0.862820	0.862820	0.862820
2026.03.12 07:00:00	0.862980	0.862980	0.862980	0.862980
2026.03.12 08:00:00	0.863110	0.863110	0.863110	0.863110
2026.03.12 09:00:00	0.862910	0.862910	0.862910	0.862910
2026.03.12 10:00:00	0.862420	0.862420	0.862420	0.862420
2026.03.12 11:00:00	0.863010	0.863010	0.863010	0.863010
2026.03.12 12:00:00	0.862990	0.862990	0.862990	0.862990
2026.03.12 13:00:00	0.862930	0.862930	0.862930	0.862930
2026.03.12 14:00:00	0.862480	0.862480	0.862480	0.862480
2026.03.12 15:00:00	0.862460	0.862460	0.862460	0.862460
2026.03.12 16:00:00	0.862090	0.862090	0.862090	0.862090
2026.03.12 17:00:00	0.862440	0.862440	0.862440	0.862440
2026.03.12 18:00:00	0.863100	0.863100	0.863100	0.863100
2026.03.12 19:00:00	0.863100	0.863100	0.863100	0.863100
2026.03.12 20:00:00	0.862570	0.862570	0.862570	0.862570
2026.03.12 21:00:00	0.862730	0.862730	0.862730	0.862730
2026.03.12 22:00:00	0.862590	0.862590	0.862590	0.862590
2026.03.12 23:00:00	0.862500	0.862500	0.862500	0.862500
2026.03.13 00:00:00	0.862170	0.862170	0.862170	0.862170
2026.03.13 01:00:00	0.862770	0.862770	0.862770	0.862770
2026.03.13 02:00:00	0.862800	0.862800	0.862800	0.862800
2026.03.13 03:00:00	0.862220	0.862220	0.862220	0.862220
2026.03.13 04:00:00	0.862160	0.862160	0.862160	0.862160
2026.03.13 05:00:00	0.862240	0.862240	0.862240	0.862240
2026.03.13 06:00:00	0.862260	0.862260	0.862260	0.862260
2026.03.13 07:00:00	0.862770	0.862770	0.862770	0.862770
2026.03.13 08:00:00	0.862530	0.862530	0.862530	0.862530
2026.03.13 09:00:00	0.862260	0.862260	0.862260	0.862260
2026.03.13 10:00:00	0.862720	0.862720	0.862720	0.862720
2026.03.13 11:00:00	0.862990	0.862990	0.862990	0.862990
2026.03.13 12:00:00	0.863510	0.863510	0.863510	0.863510
2026.03.13 13:00:00	0.864040	0.864040	0.864040	0.864040
2026.03.13 14:00:00	0.865140	0.865140	0.865140	0.865140
2026.03.13 15:00:00	0.864780	0.864780	0.864780	0.864780
2026.03.13 16:00:00	0.864290	0.864290	0.864290	0.864290
2026.03.13 17:00:00	0.864270	0.864270	0.864270	0.864270
2026.03.13 18:00:00	0.864300	0.864300	0.864300	0.864300
2026.03.13 19:00:00	0.863860	0.863860	0.863860	0.863860
2026.03.13 20:00:00	0.863720	0.863720	0.863720	0.863720
2026.03.13 21:00:00	0.863430	0.863430	0.863430	0.863430
2026.03.13 22:00:00	0.863470	0.863470	0.863470	0.863470
2026.03.15 23:00:00	0.862850	0.862850	0.862850	0.862850
2026.03.16 00:00:00	0.862870	0.862870	0.862870	0.862870
2026.03.16 01:00:00	0.863260	0.863260	0.863260	0.863260
2026.03.16 02:00:00	0.863190	0.863190	0.863190	0.863190
2026.03.16 03:00:00	0.863550	0.863550	0.863550	0.863550
2026.03.16 04:00:00	0.863380	0.863380	0.863380	0.863380
2026.03.16 05:00:00	0.863660	0.863660	0.863660	0.863660
2026.03.16 06:00:00	0.863360	0.863360	0.863360	0.863360
2026.03.16 07:00:00	0.863330	0.863330	0.863330	0.863330
2026.03.16 08:00:00	0.862850	0.862850	0.862850	0.862850
2026.03.16 09:00:00	0.862650	0.862650	0.862650	0.862650
2026.03.16 10:00:00	0.862650	0.862650	0.862650	0.862650
2026.03.16 11:00:00	0.863540	0.863540	0.863540	0.863540
2026.03.16 12:00:00	0.864220	0.864220	0.864220	0.864220
2026.03.16 13:00:00	0.864510	0.864510	0.864510	0.864510
2026.03.16 14:00:00	0.864340	0.864340	0.864340	0.864340
2026.03.16 15:00:00	0.864050	0.864050	0.864050	0.864050
2026.03.16 16:00:00	0.864070	0.864070	0.864070	0.864070
2026.03.16 17:00:00	0.863910	0.863910	0.863910	0.863910
2026.03.16 18:00:00	0.863440	0.863440	0.863440	0.863440
2026.03.16 19:00:00	0.863870	0.863870	0.863870	0.863870
2026.03.16 20:00:00	0.863840	0.863840	0.863840	0.863840
2026.03.16 21:00:00	0.863870	0.863870	0.863870	0.863870
2026.03.16 22:00:00	0.863450	0.863450	0.863450	0.863450
2026.03.16 23:00:00	0.863610	0.863610	0.863610	0.863610
2026.03.17 00:00:00	0.863510	0.863510	0.863510	0.863510
2026.03.17 01:00:00	0.863620	0.863620	0.863620	0.863620
2026.03.17 02:00:00	0.863610	0.863610	0.863610	0.863610
2026.03.17 03:00:00	0.863840	0.863840	0.863840	0.863840
2026.03.17 04:00:00	0.863610	0.863610	0.863610	0.863610
2026.03.17 05:00:00	0.863800	0.863800	0.863800	0.863800
2026.03.17 06:00:00	0.863840	0.863840	0.863840	0.863840
2026.03.17 07:00:00	0.863610	0.863610	0.863610	0.863610
2026.03.17 08:00:00	0.863870	0.863870	0.863870	0.863870
2026.03.17 09:00:00	0.863810	0.863810	0.863810	0.863810
2026.03.17 10:00:00	0.863860	0.863860	0.863860	0.863860
2026.03.17 11:00:00	0.863490	0.863490	0.863490	0.863490
2026.03.17 12:00:00	0.863530	0.863530	0.863530	0.863530
2026.03.17 13:00:00	0.863480	0.863480	0.863480	0.863480
2026.03.17 14:00:00	0.864010	0.864010	0.864010	0.864010
2026.03.17 15:00:00	0.864280	0.864280	0.864280	0.864280
2026.03.17 16:00:00	0.863850	0.863850	0.863850	0.863850
2026.03.17 17:00:00	0.863940	0.863940	0.863940	0.863940
2026.03.17 18:00:00	0.863650	0.863650	0.863650	0.863650
2026.03.17 19:00:00	0.863600	0.863600	0.863600	0.863600
2026.03.17 20:00:00	0.863710	0.863710	0.863710	0.863710
2026.03.17 21:00:00	0.863850	0.863850	0.863850	0.863850
2026.03.17 22:00:00	0.863740	0.863740	0.863740	0.863740
2026.03.17 23:00:00	0.863890	0.863890	0.863890	0.863890
2026.03.18 00:00:00	0.863240	0.863240	0.863240	0.863240
2026.03.18 01:00:00	0.863730	0.863730	0.863730	0.863730
2026.03.18 02:00:00	0.863740	0.863740	0.863740	0.863740
2026.03.18 03:00:00	0.863670	0.863670	0.863670	0.863670
2026.03.18 04:00:00	0.863640	0.863640	0.863640	0.863640
2026.03.18 05:00:00	0.863610	0.863610	0.863610	0.863610
2026.03.18 06:00:00	0.863490	0.863490	0.863490	0.863490
2026.03.18 07:00:00	0.863550	0.863550	0.863550	0.863550
2026.03.18 08:00:00	0.863320	0.863320	0.863320	0.863320
2026.03.18 09:00:00	0.863550	0.863550	0.863550	0.863550
2026.03.18 10:00:00	0.862990	0.862990	0.862990	0.862990
2026.03.18 11:00:00	0.863750	0.863750	0.863750	0.863750
2026.03.18 12:00:00	0.863580	0.863580	0.863580	0.863580
2026.03.18 13:00:00	0.863970	0.863970	0.863970	0.863970
2026.03.18 14:00:00	0.864190	0.864190	0.864190	0.864190
2026.03.18 15:00:00	0.864180	0.864180	0.864180	0.864180
2026.03.18 16:00:00	0.864020	0.864020	0.864020	0.864020
2026.03.18 17:00:00	0.864130	0.864130	0.864130	0.864130
2026.03.18 18:00:00	0.864080	0.864080	0.864080	0.864080
2026.03.18 19:00:00	0.863090	0.863090	0.863090	0.863090
2026.03.18 20:00:00	0.862990	0.862990	0.862990	0.862990
2026.03.18 21:00:00	0.863530	0.863530	0.863530	0.863530
2026.03.18 22:00:00	0.863750	0.863750	0.863750	0.863750
2026.03.18 23:00:00	0.863640	0.863640	0.863640	0.863640
2026.03.19 00:00:00	0.863930	0.863930	0.863930	0.863930
2026.03.19 01:00:00	0.863980	0.863980	0.863980	0.863980
2026.03.19 02:00:00	0.864110	0.864110	0.864110	0.864110
2026.03.19 03:00:00	0.863560	0.863560	0.863560	0.863560
2026.03.19 04:00:00	0.863830	0.863830	0.863830	0.863830
2026.03.19 05:00:00	0.864060	0.864060	0.864060	0.864060
2026.03.19 06:00:00	0.863860	0.863860	0.863860	0.863860
2026.03.19 07:00:00	0.864030	0.864030	0.864030	0.864030
2026.03.19 08:00:00	0.864310	0.864310	0.864310	0.864310
2026.03.19 09:00:00	0.864130	0.864130	0.864130	0.864130
2026.03.19 10:00:00	0.863380	0.863380	0.863380	0.863380
2026.03.19 11:00:00	0.863930	0.863930	0.863930	0.863930
2026.03.19 12:00:00	0.864060	0.864060	0.864060	0.864060
2026.03.19 13:00:00	0.863950	0.863950	0.863950	0.863950
2026.03.19 14:00:00	0.863440	0.863440	0.863440	0.863440
2026.03.19 15:00:00	0.863690	0.863690	0.863690	0.863690
2026.03.19 16:00:00	0.862610	0.862610	0.862610	0.862610
2026.03.19 17:00:00	0.861650	0.861650	0.861650	0.861650
2026.03.19 18:00:00	0.861820	0.861820	0.861820	0.861820
2026.03.19 19:00:00	0.862770	0.862770	0.862770	0.862770
2026.03.19 20:00:00	0.862390	0.862390	0.862390	0.862390
2026.03.19 21:00:00	0.863110	0.863110	0.863110	0.863110
2026.03.19 22:00:00	0.862460	0.862460	0.862460	0.862460
2026.03.19 23:00:00	0.862600	0.862600	0.862600	0.862600
2026.03.20 00:00:00	0.862140	0.862140	0.862140	0.862140
2026.03.20 01:00:00	0.862300	0.862300	0.862300	0.862300
2026.03.20 02:00:00	0.862260	0.862260	0.862260	0.862260
2026.03.20 03:00:00	0.862080	0.862080	0.862080	0.862080
2026.03.20 04:00:00	0.861950	0.861950	0.861950	0.861950
2026.03.20 05:00:00	0.862110	0.862110	0.862110	0.862110
2026.03.20 06:00:00	0.862110	0.862110	0.862110	0.862110
2026.03.20 07:00:00	0.862090	0.862090	0.862090	0.862090
2026.03.20 08:00:00	0.862040	0.862040	0.862040	0.862040
2026.03.20 09:00:00	0.862310	0.862310	0.862310	0.862310
2026.03.20 10:00:00	0.861840	0.861840	0.861840	0.861840
2026.03.20 11:00:00	0.862060	0.862060	0.862060	0.862060
2026.03.20 12:00:00	0.862890	0.862890	0.862890	0.862890
2026.03.20 13:00:00	0.863940	0.863940	0.863940	0.863940
2026.03.20 14:00:00	0.863800	0.863800	0.863800	0.863800
2026.03.20 15:00:00	0.864160	0.864160	0.864160	0.864160
2026.03.20 16:00:00	0.864350	0.864350	0.864350	0.864350
2026.03.20 17:00:00	0.866670	0.866670	0.866670	0.866670
2026.03.20 18:00:00	0.867640	0.867640	0.867640	0.867640
2026.03.20 19:00:00	0.867540	0.867540	0.867540	0.867540
2026.03.20 20:00:00	0.866520	0.866520	0.866520	0.866520
2026.03.20 21:00:00	0.866650	0.866650	0.866650	0.866650
2026.03.20 22:00:00	0.866750	0.866750	0.866750	0.866750
2026.03.22 23:00:00	0.865970	0.865970	0.865970	0.865970
2026.03.23 00:00:00	0.867090	0.867090	0.867090	0.867090
2026.03.23 01:00:00	0.867390	0.867390	0.867390	0.867390
2026.03.23 02:00:00	0.867000	0.867000	0.867000	0.867000
2026.03.23 03:00:00	0.866600	0.866600	0.866600	0.866600
2026.03.23 04:00:00	0.866530	0.866530	0.866530	0.866530
2026.03.23 05:00:00	0.866830	0.866830	0.866830	0.866830
2026.03.23 06:00:00	0.867130	0.867130	0.867130	0.867130
2026.03.23 07:00:00	0.866810	0.866810	0.866810	0.866810
2026.03.23 08:00:00	0.867060	0.867060	0.867060	0.867060
2026.03.23 09:00:00	0.867520	0.867520	0.867520	0.867520
2026.03.23 10:00:00	0.867300	0.867300	0.867300	0.867300
2026.03.23 11:00:00	0.866290	0.866290	0.866290	0.866290
2026.03.23 12:00:00	0.866180	0.866180	0.866180	0.866180
2026.03.23 13:00:00	0.865950	0.865950	0.865950	0.865950
2026.03.23 14:00:00	0.865110	0.865110	0.865110	0.865110
2026.03.23 15:00:00	0.864640	0.864640	0.864640	0.864640
2026.03.23 16:00:00	0.864590	0.864590	0.864590	0.864590
2026.03.23 17:00:00	0.863970	0.863970	0.863970	0.863970
2026.03.23 18:00:00	0.865530	0.865530	0.865530	0.865530
2026.03.23 19:00:00	0.864880	0.864880	0.864880	0.864880
2026.03.23 20:00:00	0.864180	0.864180	0.864180	0.864180
2026.03.23 21:00:00	0.864690	0.864690	0.864690	0.864690
2026.03.23 22:00:00	0.864540	0.864540	0.864540	0.864540
2026.03.23 23:00:00	0.864400	0.864400	0.864400	0.864400
2026.03.24 00:00:00	0.864360	0.864360	0.864360	0.864360
2026.03.24 01:00:00	0.864540	0.864540	0.864540	0.864540
2026.03.24 02:00:00	0.864540	0.864540	0.864540	0.864540
2026.03.24 03:00:00	0.864660	0.864660	0.864660	0.864660
2026.03.24 04:00:00	0.864800	0.864800	0.864800	0.864800
2026.03.24 05:00:00	0.864460	0.864460	0.864460	0.864460
2026.03.24 06:00:00	0.864430	0.864430	0.864430	0.864430
2026.03.24 07:00:00	0.864470	0.864470	0.864470	0.864470
2026.03.24 08:00:00	0.864440	0.864440	0.864440	0.864440
2026.03.24 09:00:00	0.864210	0.864210	0.864210	0.864210
2026.03.24 10:00:00	0.864240	0.864240	0.864240	0.864240
2026.03.24 11:00:00	0.865350	0.865350	0.865350	0.865350
2026.03.24 12:00:00	0.865040	0.865040	0.865040	0.865040
2026.03.24 13:00:00	0.864640	0.864640	0.864640	0.864640
2026.03.24 14:00:00	0.864990	0.864990	0.864990	0.864990
2026.03.24 15:00:00	0.864910	0.864910	0.864910	0.864910
2026.03.24 16:00:00	0.865380	0.865380	0.865380	0.865380
2026.03.24 17:00:00	0.864850	0.864850	0.864850	0.864850
2026.03.24 18:00:00	0.865130	0.865130	0.865130	0.865130
2026.03.24 19:00:00	0.865380	0.865380	0.865380	0.865380
2026.03.24 20:00:00	0.865230	0.865230	0.865230	0.865230
2026.03.24 21:00:00	0.865310	0.865310	0.865310	0.865310
2026.03.24 22:00:00	0.865630	0.865630	0.865630	0.865630
2026.03.24 23:00:00	0.865300	0.865300	0.865300	0.865300
2026.03.25 00:00:00	0.865070	0.865070	0.865070	0.865070
2026.03.25 01:00:00	0.865490	0.865490	0.865490	0.865490
2026.03.25 02:00:00	0.865640	0.865640	0.865640	0.865640
2026.03.25 03:00:00	0.865450	0.865450	0.865450	0.865450
2026.03.25 04:00:00	0.865530	0.865530	0.865530	0.865530
2026.03.25 05:00:00	0.865690	0.865690	0.865690	0.865690
2026.03.25 06:00:00	0.865930	0.865930	0.865930	0.865930
2026.03.25 07:00:00	0.865940	0.865940	0.865940	0.865940
2026.03.25 08:00:00	0.866600	0.866600	0.866600	0.866600
2026.03.25 09:00:00	0.866440	0.866440	0.866440	0.866440
2026.03.25 10:00:00	0.865990	0.865990	0.865990	0.865990
2026.03.25 11:00:00	0.865300	0.865300	0.865300	0.865300
2026.03.25 12:00:00	0.865740	0.865740	0.865740	0.865740
2026.03.25 13:00:00	0.865270	0.865270	0.865270	0.865270
2026.03.25 14:00:00	0.864990	0.864990	0.864990	0.864990
2026.03.25 15:00:00	0.865350	0.865350	0.865350	0.865350
2026.03.25 16:00:00	0.865380	0.865380	0.865380	0.865380
2026.03.25 17:00:00	0.865500	0.865500	0.865500	0.865500
2026.03.25 18:00:00	0.865180	0.865180	0.865180	0.865180
2026.03.25 19:00:00	0.864540	0.864540	0.864540	0.864540
2026.03.25 20:00:00	0.864960	0.864960	0.864960	0.864960
2026.03.25 21:00:00	0.865240	0.865240	0.865240	0.865240
2026.03.25 22:00:00	0.865010	0.865010	0.865010	0.865010
2026.03.25 23:00:00	0.864660	0.864660	0.864660	0.864660
2026.03.26 00:00:00	0.864700	0.864700	0.864700	0.864700
2026.03.26 01:00:00	0.865080	0.865080	0.865080	0.865080
2026.03.26 02:00:00	0.865080	0.865080	0.865080	0.865080
2026.03.26 03:00:00	0.865090	0.865090	0.865090	0.865090
2026.03.26 04:00:00	0.865380	0.865380	0.865380	0.865380
2026.03.26 05:00:00	0.865660	0.865660	0.865660	0.865660
2026.03.26 06:00:00	0.865500	0.865500	0.865500	0.865500
2026.03.26 07:00:00	0.865510	0.865510	0.865510	0.865510
2026.03.26 08:00:00	0.865320	0.865320	0.865320	0.865320
2026.03.26 09:00:00	0.865350	0.865350	0.865350	0.865350
2026.03.26 10:00:00	0.865360	0.865360	0.865360	0.865360
2026.03.26 11:00:00	0.865630	0.865630	0.865630	0.865630
2026.03.26 12:00:00	0.865550	0.865550	0.865550	0.865550
2026.03.26 13:00:00	0.865390	0.865390	0.865390	0.865390
2026.03.26 14:00:00	0.864680	0.864680	0.864680	0.864680
2026.03.26 15:00:00	0.865220	0.865220	0.865220	0.865220
2026.03.26 16:00:00	0.864150	0.864150	0.864150	0.864150
2026.03.26 17:00:00	0.864180	0.864180	0.864180	0.864180
2026.03.26 18:00:00	0.864380	0.864380	0.864380	0.864380
2026.03.26 19:00:00	0.864840	0.864840	0.864840	0.864840
2026.03.26 20:00:00	0.865300	0.865300	0.865300	0.865300
2026.03.26 21:00:00	0.865240	0.865240	0.865240	0.865240
2026.03.26 22:00:00	0.865350	0.865350	0.865350	0.865350
2026.03.26 23:00:00	0.864440	0.864440	0.864440	0.864440
2026.03.27 00:00:00	0.864900	0.864900	0.864900	0.864900
2026.03.27 01:00:00	0.865010	0.865010	0.865010	0.865010
2026.03.27 02:00:00	0.864890	0.864890	0.864890	0.864890
2026.03.27 03:00:00	0.864660	0.864660	0.864660	0.864660
2026.03.27 04:00:00	0.864780	0.864780	0.864780	0.864780
2026.03.27 05:00:00	0.864750	0.864750	0.864750	0.864750
2026.03.27 06:00:00	0.864860	0.864860	0.864860	0.864860
2026.03.27 07:00:00	0.864980	0.864980	0.864980	0.864980
2026.03.27 08:00:00	0.865060	0.865060	0.865060	0.865060
2026.03.27 09:00:00	0.864870	0.864870	0.864870	0.864870
2026.03.27 10:00:00	0.865090	0.865090	0.865090	0.865090
2026.03.27 11:00:00	0.865230	0.865230	0.865230	0.865230
2026.03.27 12:00:00	0.865590	0.865590	0.865590	0.865590
2026.03.27 13:00:00	0.865260	0.865260	0.865260	0.865260
2026.03.27 14:00:00	0.866240	0.866240	0.866240	0.866240
2026.03.27 15:00:00	0.866890	0.866890	0.866890	0.866890
2026.03.27 16:00:00	0.866550	0.866550	0.866550	0.866550
2026.03.27 17:00:00	0.865980	0.865980	0.865980	0.865980
2026.03.27 18:00:00	0.866610	0.866610	0.866610	0.866610
2026.03.27 19:00:00	0.867520	0.867520	0.867520	0.867520
2026.03.27 20:00:00	0.867640	0.867640	0.867640	0.867640
2026.03.27 21:00:00	0.867510	0.867510	0.867510	0.867510
2026.03.27 22:00:00	0.867670	0.867670	0.867670	0.867670
2026.03.30 00:00:00	0.866730	0.866730	0.866730	0.866730
2026.03.30 01:00:00	0.866560	0.866560	0.866560	0.866560
2026.03.30 02:00:00	0.867750	0.867750	0.867750	0.867750
2026.03.30 03:00:00	0.867990	0.867990	0.867990	0.867990
2026.03.30 04:00:00	0.868200	0.868200	0.868200	0.868200
2026.03.30 05:00:00	0.868210	0.868210	0.868210	0.868210
2026.03.30 06:00:00	0.868160	0.868160	0.868160	0.868160
2026.03.30 07:00:00	0.867600	0.867600	0.867600	0.867600
2026.03.30 08:00:00	0.867650	0.867650	0.867650	0.867650
2026.03.30 09:00:00	0.867510	0.867510	0.867510	0.867510
2026.03.30 10:00:00	0.867720	0.867720	0.867720	0.867720
2026.03.30 11:00:00	0.867970	0.867970	0.867970	0.867970
2026.03.30 12:00:00	0.868550	0.868550	0.868550	0.868550
2026.03.30 13:00:00	0.868340	0.868340	0.868340	0.868340
2026.03.30 14:00:00	0.868400	0.868400	0.868400	0.868400
2026.03.30 15:00:00	0.867930	0.867930	0.867930	0.867930
2026.03.30 16:00:00	0.867960	0.867960	0.867960	0.867960
2026.03.30 17:00:00	0.869470	0.869470	0.869470	0.869470
2026.03.30 18:00:00	0.868600	0.868600	0.868600	0.868600
2026.03.30 19:00:00	0.868280	0.868280	0.868280	0.868280
2026.03.30 20:00:00	0.868720	0.868720	0.868720	0.868720
2026.03.30 21:00:00	0.868870	0.868870	0.868870	0.868870
2026.03.30 22:00:00	0.869130	0.869130	0.869130	0.869130
2026.03.30 23:00:00	0.869030	0.869030	0.869030	0.869030
2026.03.31 00:00:00	0.869210	0.869210	0.869210	0.869210
2026.03.31 01:00:00	0.869190	0.869190	0.869190	0.869190
2026.03.31 02:00:00	0.869410	0.869410	0.869410	0.869410
2026.03.31 03:00:00	0.869660	0.869660	0.869660	0.869660
2026.03.31 04:00:00	0.869170	0.869170	0.869170	0.869170
2026.03.31 05:00:00	0.868660	0.868660	0.868660	0.868660
2026.03.31 06:00:00	0.868690	0.868690	0.868690	0.868690
2026.03.31 07:00:00	0.868830	0.868830	0.868830	0.868830
2026.03.31 08:00:00	0.868970	0.868970	0.868970	0.868970
2026.03.31 09:00:00	0.868290	0.868290	0.868290	0.868290
2026.03.31 10:00:00	0.868650	0.868650	0.868650	0.868650
2026.03.31 11:00:00	0.868680	0.868680	0.868680	0.868680
2026.03.31 12:00:00	0.867830	0.867830	0.867830	0.867830
2026.03.31 13:00:00	0.867780	0.867780	0.867780	0.867780
2026.03.31 14:00:00	0.868070	0.868070	0.868070	0.868070
2026.03.31 15:00:00	0.868160	0.868160	0.868160	0.868160
2026.03.31 16:00:00	0.868930	0.868930	0.868930	0.868930
2026.03.31 17:00:00	0.869510	0.869510	0.869510	0.869510
2026.03.31 18:00:00	0.873470	0.873470	0.873470	0.873470
2026.03.31 19:00:00	0.873470	0.873470	0.873470	0.873470
2026.03.31 20:00:00	0.873160	0.873160	0.873160	0.873160
2026.03.31 21:00:00	0.872120	0.872120	0.872120	0.872120
2026.03.31 22:00:00	0.872660	0.872660	0.872660	0.872660
2026.03.31 23:00:00	0.873250	0.873250	0.873250	0.873250
2026.04.01 00:00:00	0.873070	0.873070	0.873070	0.873070
2026.04.01 01:00:00	0.873460	0.873460	0.873460	0.873460
2026.04.01 02:00:00	0.873500	0.873500	0.873500	0.873500
2026.04.01 03:00:00	0.873830	0.873830	0.873830	0.873830
2026.04.01 04:00:00	0.873680	0.873680	0.873680	0.873680
2026.04.01 05:00:00	0.873740	0.873740	0.873740	0.873740
2026.04.01 06:00:00	0.873690	0.873690	0.873690	0.873690
2026.04.01 07:00:00	0.873520	0.873520	0.873520	0.873520
2026.04.01 08:00:00	0.873220	0.873220	0.873220	0.873220
2026.04.01 09:00:00	0.872510	0.872510	0.872510	0.872510
2026.04.01 10:00:00	0.872170	0.872170	0.872170	0.872170
2026.04.01 11:00:00	0.873030	0.873030	0.873030	0.873030
2026.04.01 12:00:00	0.872550	0.872550	0.872550	0.872550
2026.04.01 13:00:00	0.872210	0.872210	0.872210	0.872210
2026.04.01 14:00:00	0.871940	0.871940	0.871940	0.871940
2026.04.01 15:00:00	0.871240	0.871240	0.871240	0.871240
2026.04.01 16:00:00	0.872060	0.872060	0.872060	0.872060
2026.04.01 17:00:00	0.872010	0.872010	0.872010	0.872010
2026.04.01 18:00:00	0.871550	0.871550	0.871550	0.871550
2026.04.01 19:00:00	0.871200	0.871200	0.871200	0.871200
2026.04.01 20:00:00	0.870970	0.870970	0.870970	0.870970
2026.04.01 21:00:00	0.870480	0.870480	0.870480	0.870480
2026.04.01 22:00:00	0.870460	0.870460	0.870460	0.870460
2026.04.01 23:00:00	0.870860	0.870860	0.870860	0.870860
2026.04.02 00:00:00	0.870460	0.870460	0.870460	0.870460
2026.04.02 01:00:00	0.870660	0.870660	0.870660	0.870660
2026.04.02 02:00:00	0.871030	0.871030	0.871030	0.871030
2026.04.02 03:00:00	0.871190	0.871190	0.871190	0.871190
2026.04.02 04:00:00	0.870960	0.870960	0.870960	0.870960
2026.04.02 05:00:00	0.871470	0.871470	0.871470	0.871470
2026.04.02 06:00:00	0.871640	0.871640	0.871640	0.871640
2026.04.02 07:00:00	0.871810	0.871810	0.871810	0.871810
2026.04.02 08:00:00	0.871550	0.871550	0.871550	0.871550
2026.04.02 09:00:00	0.872040	0.872040	0.872040	0.872040
2026.04.02 10:00:00	0.872160	0.872160	0.872160	0.872160
2026.04.02 11:00:00	0.872480	0.872480	0.872480	0.872480
2026.04.02 12:00:00	0.872960	0.872960	0.872960	0.872960
2026.04.02 13:00:00	0.872980	0.872980	0.872980	0.872980
2026.04.02 14:00:00	0.872960	0.872960	0.872960	0.872960
2026.04.02 15:00:00	0.872340	0.872340	0.872340	0.872340
2026.04.02 16:00:00	0.872020	0.872020	0.872020	0.872020
2026.04.02 17:00:00	0.872160	0.872160	0.872160	0.872160
2026.04.02 18:00:00	0.872130	0.872130	0.872130	0.872130
2026.04.02 19:00:00	0.871980	0.871980	0.871980	0.871980
2026.04.02 20:00:00	0.872040	0.872040	0.872040	0.872040
2026.04.02 21:00:00	0.872320	0.872320	0.872320	0.872320
2026.04.02 22:00:00	0.872290	0.872290	0.872290	0.872290
2026.04.02 23:00:00	0.872200	0.872200	0.872200	0.872200
2026.04.03 00:00:00	0.872200	0.872200	0.872200	0.872200
2026.04.03 01:00:00	0.872300	0.872300	0.872300	0.872300
2026.04.03 02:00:00	0.872420	0.872420	0.872420	0.872420
2026.04.03 03:00:00	0.872300	0.872300	0.872300	0.872300
2026.04.03 04:00:00	0.871720	0.871720	0.871720	0.871720
2026.04.03 05:00:00	0.871940	0.871940	0.871940	0.871940
2026.04.03 06:00:00	0.872050	0.872050	0.872050	0.872050
2026.04.03 07:00:00	0.871910	0.871910	0.871910	0.871910
2026.04.03 08:00:00	0.871900	0.871900	0.871900	0.871900
2026.04.03 09:00:00	0.871770	0.871770	0.871770	0.871770
2026.04.03 10:00:00	0.871880	0.871880	0.871880	0.871880
2026.04.03 11:00:00	0.871800	0.871800	0.871800	0.871800
2026.04.03 12:00:00	0.871860	0.871860	0.871860	0.871860
2026.04.03 13:00:00	0.872070	0.872070	0.872070	0.872070
2026.04.03 14:00:00	0.872310	0.872310	0.872310	0.872310
2026.04.03 15:00:00	0.872120	0.872120	0.872120	0.872120
2026.04.03 16:00:00	0.872640	0.872640	0.872640	0.872640
2026.04.03 17:00:00	0.872630	0.872630	0.872630	0.872630
2026.04.03 18:00:00	0.872520	0.872520	0.872520	0.872520
2026.04.03 19:00:00	0.872700	0.872700	0.872700	0.872700
2026.04.03 20:00:00	0.872720	0.872720	0.872720	0.872720
2026.04.03 21:00:00	0.872730	0.872730	0.872730	0.872730
2026.04.03 22:00:00	0.872780	0.872780	0.872780	0.872780
2026.04.03 23:00:00	0.872700	0.872700	0.872700	0.872700
2026.04.06 00:00:00	0.872970	0.872970	0.872970	0.872970
2026.04.06 01:00:00	0.872910	0.872910	0.872910	0.872910
2026.04.06 02:00:00	0.872830	0.872830	0.872830	0.872830
2026.04.06 03:00:00	0.872780	0.872780	0.872780	0.872780
2026.04.06 04:00:00	0.872210	0.872210	0.872210	0.872210
2026.04.06 05:00:00	0.872110	0.872110	0.872110	0.872110
2026.04.06 06:00:00	0.871930	0.871930	0.871930	0.871930
2026.04.06 07:00:00	0.872110	0.872110	0.872110	0.872110
2026.04.06 08:00:00	0.872130	0.872130	0.872130	0.872130
2026.04.06 09:00:00	0.871990	0.871990	0.871990	0.871990
2026.04.06 10:00:00	0.872370	0.872370	0.872370	0.872370
2026.04.06 11:00:00	0.872500	0.872500	0.872500	0.872500
2026.04.06 12:00:00	0.872050	0.872050	0.872050	0.872050
2026.04.06 13:00:00	0.871940	0.871940	0.871940	0.871940
2026.04.06 14:00:00	0.871840	0.871840	0.871840	0.871840
2026.04.06 15:00:00	0.872140	0.872140	0.872140	0.872140
2026.04.06 16:00:00	0.872160	0.872160	0.872160	0.872160
2026.04.06 17:00:00	0.871910	0.871910	0.871910	0.871910
2026.04.06 18:00:00	0.871860	0.871860	0.871860	0.871860
2026.04.06 19:00:00	0.872260	0.872260	0.872260	0.872260
2026.04.06 20:00:00	0.872230	0.872230	0.872230	0.872230
2026.04.06 21:00:00	0.872520	0.872520	0.872520	0.872520
2026.04.06 22:00:00	0.872100	0.872100	0.872100	0.872100
2026.04.06 23:00:00	0.872080	0.872080	0.872080	0.872080
2026.04.07 00:00:00	0.871710	0.871710	0.871710	0.871710
2026.04.07 01:00:00	0.871780	0.871780	0.871780	0.871780
2026.04.07 02:00:00	0.872110	0.872110	0.872110	0.872110
2026.04.07 03:00:00	0.871990	0.871990	0.871990	0.871990
2026.04.07 04:00:00	0.871920	0.871920	0.871920	0.871920
2026.04.07 05:00:00	0.872100	0.872100	0.872100	0.872100
2026.04.07 06:00:00	0.872220	0.872220	0.872220	0.872220
2026.04.07 07:00:00	0.872070	0.872070	0.872070	0.872070
2026.04.07 08:00:00	0.871860	0.871860	0.871860	0.871860
2026.04.07 09:00:00	0.871790	0.871790	0.871790	0.871790
2026.04.07 10:00:00	0.871450	0.871450	0.871450	0.871450
2026.04.07 11:00:00	0.872120	0.872120	0.872120	0.872120
2026.04.07 12:00:00	0.871210	0.871210	0.871210	0.871210
2026.04.07 13:00:00	0.871570	0.871570	0.871570	0.871570
2026.04.07 14:00:00	0.872390	0.872390	0.872390	0.872390
2026.04.07 15:00:00	0.872620	0.872620	0.872620	0.872620
2026.04.07 16:00:00	0.872360	0.872360	0.872360	0.872360
2026.04.07 17:00:00	0.873200	0.873200	0.873200	0.873200
2026.04.07 18:00:00	0.873480	0.873480	0.873480	0.873480
2026.04.07 19:00:00	0.873880	0.873880	0.873880	0.873880
2026.04.07 20:00:00	0.873200	0.873200	0.873200	0.873200
2026.04.07 21:00:00	0.872850	0.872850	0.872850	0.872850
2026.04.07 22:00:00	0.872870	0.872870	0.872870	0.872870
2026.04.07 23:00:00	0.872540	0.872540	0.872540	0.872540
2026.04.08 00:00:00	0.871890	0.871890	0.871890	0.871890
2026.04.08 01:00:00	0.871810	0.871810	0.871810	0.871810
2026.04.08 02:00:00	0.872400	0.872400	0.872400	0.872400
2026.04.08 03:00:00	0.871960	0.871960	0.871960	0.871960
2026.04.08 04:00:00	0.871710	0.871710	0.871710	0.871710
2026.04.08 05:00:00	0.870930	0.870930	0.870930	0.870930
2026.04.08 06:00:00	0.871030	0.871030	0.871030	0.871030
2026.04.08 07:00:00	0.870910	0.870910	0.870910	0.870910
2026.04.08 08:00:00	0.870230	0.870230	0.870230	0.870230
2026.04.08 09:00:00	0.870220	0.870220	0.870220	0.870220
2026.04.08 10:00:00	0.870800	0.870800	0.870800	0.870800
2026.04.08 11:00:00	0.871140	0.871140	0.871140	0.871140
2026.04.08 12:00:00	0.869830	0.869830	0.869830	0.869830
2026.04.08 13:00:00	0.869900	0.869900	0.869900	0.869900
2026.04.08 14:00:00	0.869650	0.869650	0.869650	0.869650
2026.04.08 15:00:00	0.868770	0.868770	0.868770	0.868770
2026.04.08 16:00:00	0.869350	0.869350	0.869350	0.869350
2026.04.08 17:00:00	0.869510	0.869510	0.869510	0.869510
2026.04.08 18:00:00	0.869460	0.869460	0.869460	0.869460
2026.04.08 19:00:00	0.869500	0.869500	0.869500	0.869500
2026.04.08 20:00:00	0.870080	0.870080	0.870080	0.870080
2026.04.08 21:00:00	0.869860	0.869860	0.869860	0.869860
2026.04.08 22:00:00	0.870230	0.870230	0.870230	0.870230
2026.04.08 23:00:00	0.870180	0.870180	0.870180	0.870180
2026.04.09 00:00:00	0.870570	0.870570	0.870570	0.870570
2026.04.09 01:00:00	0.870210	0.870210	0.870210	0.870210
2026.04.09 02:00:00	0.870360	0.870360	0.870360	0.870360
2026.04.09 03:00:00	0.870460	0.870460	0.870460	0.870460
2026.04.09 04:00:00	0.870420	0.870420	0.870420	0.870420
2026.04.09 05:00:00	0.870750	0.870750	0.870750	0.870750
2026.04.09 06:00:00	0.870730	0.870730	0.870730	0.870730
2026.04.09 07:00:00	0.870550	0.870550	0.870550	0.870550
2026.04.09 08:00:00	0.870600	0.870600	0.870600	0.870600
2026.04.09 09:00:00	0.870710	0.870710	0.870710	0.870710
2026.04.09 10:00:00	0.870700	0.870700	0.870700	0.870700
2026.04.09 11:00:00	0.870720	0.870720	0.870720	0.870720
2026.04.09 12:00:00	0.870730	0.870730	0.870730	0.870730
2026.04.09 13:00:00	0.870930	0.870930	0.870930	0.870930
2026.04.09 14:00:00	0.871060	0.871060	0.871060	0.871060
2026.04.09 15:00:00	0.870290	0.870290	0.870290	0.870290
2026.04.09 16:00:00	0.870960	0.870960	0.870960	0.870960
2026.04.09 17:00:00	0.870320	0.870320	0.870320	0.870320
2026.04.09 18:00:00	0.870930	0.870930	0.870930	0.870930
2026.04.09 19:00:00	0.870730	0.870730	0.870730	0.870730
2026.04.09 20:00:00	0.870920	0.870920	0.870920	0.870920
2026.04.09 21:00:00	0.870760	0.870760	0.870760	0.870760
2026.04.09 22:00:00	0.870820	0.870820	0.870820	0.870820
2026.04.09 23:00:00	0.870750	0.870750	0.870750	0.870750
2026.04.10 00:00:00	0.870440	0.870440	0.870440	0.870440
2026.04.10 01:00:00	0.870740	0.870740	0.870740	0.870740
2026.04.10 02:00:00	0.870840	0.870840	0.870840	0.870840
2026.04.10 03:00:00	0.870490	0.870490	0.870490	0.870490
2026.04.10 04:00:00	0.870500	0.870500	0.870500	0.870500
2026.04.10 05:00:00	0.870590	0.870590	0.870590	0.870590
2026.04.10 06:00:00	0.870750	0.870750	0.870750	0.870750
2026.04.10 07:00:00	0.871090	0.871090	0.871090	0.871090
2026.04.10 08:00:00	0.871030	0.871030	0.871030	0.871030
2026.04.10 09:00:00	0.871060	0.871060	0.871060	0.871060
2026.04.10 10:00:00	0.870770	0.870770	0.870770	0.870770
2026.04.10 11:00:00	0.870740	0.870740	0.870740	0.870740
2026.04.10 12:00:00	0.870650	0.870650	0.870650	0.870650
2026.04.10 13:00:00	0.871360	0.871360	0.871360	0.871360
2026.04.10 14:00:00	0.871600	0.871600	0.871600	0.871600
2026.04.10 15:00:00	0.871200	0.871200	0.871200	0.871200
2026.04.10 16:00:00	0.870810	0.870810	0.870810	0.870810
2026.04.10 17:00:00	0.871050	0.871050	0.871050	0.871050
2026.04.10 18:00:00	0.871140	0.871140	0.871140	0.871140
2026.04.10 19:00:00	0.870940	0.870940	0.870940	0.870940
2026.04.10 20:00:00	0.870910	0.870910	0.870910	0.870910
2026.04.10 21:00:00	0.871020	0.871020	0.871020	0.871020
2026.04.10 22:00:00	0.870880	0.870880	0.870880	0.870880
2026.04.10 23:00:00	0.870640	0.870640	0.870640	0.870640
2026.04.13 00:00:00	0.870790	0.870790	0.870790	0.870790
2026.04.13 01:00:00	0.870220	0.870220	0.870220	0.870220
2026.04.13 02:00:00	0.871320	0.871320	0.871320	0.871320
2026.04.13 03:00:00	0.871560	0.871560	0.871560	0.871560
2026.04.13 04:00:00	0.871970	0.871970	0.871970	0.871970
2026.04.13 05:00:00	0.871830	0.871830	0.871830	0.871830
2026.04.13 06:00:00	0.871900	0.871900	0.871900	0.871900
2026.04.13 07:00:00	0.871850	0.871850	0.871850	0.871850
2026.04.13 08:00:00	0.871670	0.871670	0.871670	0.871670
2026.04.13 09:00:00	0.871750	0.871750	0.871750	0.871750
2026.04.13 10:00:00	0.871200	0.871200	0.871200	0.871200
2026.04.13 11:00:00	0.870750	0.870750	0.870750	0.870750
2026.04.13 12:00:00	0.870190	0.870190	0.870190	0.870190
2026.04.13 13:00:00	0.870110	0.870110	0.870110	0.870110
2026.04.13 14:00:00	0.870290	0.870290	0.870290	0.870290
2026.04.13 15:00:00	0.870450	0.870450	0.870450	0.870450
2026.04.13 16:00:00	0.870590	0.870590	0.870590	0.870590
2026.04.13 17:00:00	0.870040	0.870040	0.870040	0.870040
2026.04.13 18:00:00	0.869860	0.869860	0.869860	0.869860
2026.04.13 19:00:00	0.870010	0.870010	0.870010	0.870010
2026.04.13 20:00:00	0.870120	0.870120	0.870120	0.870120
2026.04.13 21:00:00	0.869790	0.869790	0.869790	0.869790
2026.04.13 22:00:00	0.870850	0.870850	0.870850	0.870850
2026.04.13 23:00:00	0.870710	0.870710	0.870710	0.870710
2026.04.14 00:00:00	0.870450	0.870450	0.870450	0.870450
2026.04.14 01:00:00	0.870440	0.870440	0.870440	0.870440
2026.04.14 02:00:00	0.870430	0.870430	0.870430	0.870430
2026.04.14 03:00:00	0.870500	0.870500	0.870500	0.870500
2026.04.14 04:00:00	0.870530	0.870530	0.870530	0.870530
2026.04.14 05:00:00	0.870660	0.870660	0.870660	0.870660
2026.04.14 06:00:00	0.870500	0.870500	0.870500	0.870500
2026.04.14 07:00:00	0.870460	0.870460	0.870460	0.870460
2026.04.14 08:00:00	0.870260	0.870260	0.870260	0.870260
2026.04.14 09:00:00	0.870240	0.870240	0.870240	0.870240
2026.04.14 10:00:00	0.870910	0.870910	0.870910	0.870910
2026.04.14 11:00:00	0.870440	0.870440	0.870440	0.870440
2026.04.14 12:00:00	0.870270	0.870270	0.870270	0.870270
2026.04.14 13:00:00	0.870400	0.870400	0.870400	0.870400
2026.04.14 14:00:00	0.869890	0.869890	0.869890	0.869890
2026.04.14 15:00:00	0.869320	0.869320	0.869320	0.869320
2026.04.14 16:00:00	0.868740	0.868740	0.868740	0.868740
2026.04.14 17:00:00	0.868590	0.868590	0.868590	0.868590
2026.04.14 18:00:00	0.869020	0.869020	0.869020	0.869020
2026.04.14 19:00:00	0.869320	0.869320	0.869320	0.869320
2026.04.14 20:00:00	0.869200	0.869200	0.869200	0.869200
2026.04.14 21:00:00	0.869130	0.869130	0.869130	0.869130
2026.04.14 22:00:00	0.869380	0.869380	0.869380	0.869380
2026.04.14 23:00:00	0.869320	0.869320	0.869320	0.869320
2026.04.15 00:00:00	0.869050	0.869050	0.869050	0.869050
2026.04.15 01:00:00	0.869030	0.869030	0.869030	0.869030
2026.04.15 02:00:00	0.869240	0.869240	0.869240	0.869240
2026.04.15 03:00:00	0.869060	0.869060	0.869060	0.869060
2026.04.15 04:00:00	0.868810	0.868810	0.868810	0.868810
2026.04.15 05:00:00	0.868820	0.868820	0.868820	0.868820
2026.04.15 06:00:00	0.868930	0.868930	0.868930	0.868930
2026.04.15 07:00:00	0.868800	0.868800	0.868800	0.868800
2026.04.15 08:00:00	0.868800	0.868800	0.868800	0.868800
2026.04.15 09:00:00	0.869180	0.869180	0.869180	0.869180
2026.04.15 10:00:00	0.868970	0.868970	0.868970	0.868970
2026.04.15 11:00:00	0.869060	0.869060	0.869060	0.869060
2026.04.15 12:00:00	0.869060	0.869060	0.869060	0.869060
2026.04.15 13:00:00	0.868940	0.868940	0.868940	0.868940
2026.04.15 14:00:00	0.869200	0.869200	0.869200	0.869200
2026.04.15 15:00:00	0.869260	0.869260	0.869260	0.869260
2026.04.15 16:00:00	0.869550	0.869550	0.869550	0.869550
2026.04.15 17:00:00	0.869400	0.869400	0.869400	0.869400
2026.04.15 18:00:00	0.869320	0.869320	0.869320	0.869320
2026.04.15 19:00:00	0.869520	0.869520	0.869520	0.869520
2026.04.15 20:00:00	0.869310	0.869310	0.869310	0.869310
2026.04.15 21:00:00	0.869120	0.869120	0.869120	0.869120
2026.04.15 22:00:00	0.869220	0.869220	0.869220	0.869220
2026.04.15 23:00:00	0.869420	0.869420	0.869420	0.869420
2026.04.16 00:00:00	0.869740	0.869740	0.869740	0.869740
2026.04.16 01:00:00	0.869680	0.869680	0.869680	0.869680
2026.04.16 02:00:00	0.869810	0.869810	0.869810	0.869810
2026.04.16 03:00:00	0.869800	0.869800	0.869800	0.869800
2026.04.16 04:00:00	0.869760	0.869760	0.869760	0.869760
2026.04.16 05:00:00	0.869710	0.869710	0.869710	0.869710
2026.04.16 06:00:00	0.869700	0.869700	0.869700	0.869700
2026.04.16 07:00:00	0.869660	0.869660	0.869660	0.869660
2026.04.16 08:00:00	0.869730	0.869730	0.869730	0.869730
2026.04.16 09:00:00	0.869720	0.869720	0.869720	0.869720
2026.04.16 10:00:00	0.869320	0.869320	0.869320	0.869320
2026.04.16 11:00:00	0.869570	0.869570	0.869570	0.869570
2026.04.16 12:00:00	0.869740	0.869740	0.869740	0.869740
2026.04.16 13:00:00	0.869990	0.869990	0.869990	0.869990
2026.04.16 14:00:00	0.869660	0.869660	0.869660	0.869660
2026.04.16 15:00:00	0.869790	0.869790	0.869790	0.869790
2026.04.16 16:00:00	0.869620	0.869620	0.869620	0.869620
2026.04.16 17:00:00	0.869270	0.869270	0.869270	0.869270
2026.04.16 18:00:00	0.870460	0.870460	0.870460	0.870460
2026.04.16 19:00:00	0.870200	0.870200	0.870200	0.870200
2026.04.16 20:00:00	0.870260	0.870260	0.870260	0.870260
2026.04.16 21:00:00	0.870410	0.870410	0.870410	0.870410
2026.04.16 22:00:00	0.870450	0.870450	0.870450	0.870450
2026.04.16 23:00:00	0.870660	0.870660	0.870660	0.870660
2026.04.17 00:00:00	0.870630	0.870630	0.870630	0.870630
2026.04.17 01:00:00	0.870700	0.870700	0.870700	0.870700
2026.04.17 02:00:00	0.870850	0.870850	0.870850	0.870850
2026.04.17 03:00:00	0.870910	0.870910	0.870910	0.870910
2026.04.17 04:00:00	0.871080	0.871080	0.871080	0.871080
2026.04.17 05:00:00	0.871130	0.871130	0.871130	0.871130
2026.04.17 06:00:00	0.871040	0.871040	0.871040	0.871040
2026.04.17 07:00:00	0.871100	0.871100	0.871100	0.871100
2026.04.17 08:00:00	0.871250	0.871250	0.871250	0.871250
2026.04.17 09:00:00	0.871300	0.871300	0.871300	0.871300
2026.04.17 10:00:00	0.871780	0.871780	0.871780	0.871780
2026.04.17 11:00:00	0.871050	0.871050	0.871050	0.871050
2026.04.17 12:00:00	0.871530	0.871530	0.871530	0.871530
2026.04.17 13:00:00	0.871470	0.871470	0.871470	0.871470
2026.04.17 14:00:00	0.872080	0.872080	0.872080	0.872080
2026.04.17 15:00:00	0.871630	0.871630	0.871630	0.871630
2026.04.17 16:00:00	0.871210	0.871210	0.871210	0.871210
2026.04.17 17:00:00	0.871700	0.871700	0.871700	0.871700
2026.04.17 18:00:00	0.870510	0.870510	0.870510	0.870510
2026.04.17 19:00:00	0.870530	0.870530	0.870530	0.870530
2026.04.17 20:00:00	0.870440	0.870440	0.870440	0.870440
2026.04.17 21:00:00	0.870310	0.870310	0.870310	0.870310
2026.04.17 22:00:00	0.870220	0.870220	0.870220	0.870220
2026.04.17 23:00:00	0.870440	0.870440	0.870440	0.870440
2026.04.20 00:00:00	0.870100	0.870100	0.870100	0.870100
2026.04.20 01:00:00	0.869700	0.869700	0.869700	0.869700
2026.04.20 02:00:00	0.870320	0.870320	0.870320	0.870320
2026.04.20 03:00:00	0.870590	0.870590	0.870590	0.870590
2026.04.20 04:00:00	0.870920	0.870920	0.870920	0.870920
2026.04.20 05:00:00	0.870900	0.870900	0.870900	0.870900
2026.04.20 06:00:00	0.870660	0.870660	0.870660	0.870660
2026.04.20 07:00:00	0.870670	0.870670	0.870670	0.870670
2026.04.20 08:00:00	0.870640	0.870640	0.870640	0.870640
2026.04.20 09:00:00	0.871080	0.871080	0.871080	0.871080
2026.04.20 10:00:00	0.871010	0.871010	0.871010	0.871010
2026.04.20 11:00:00	0.870790	0.870790	0.870790	0.870790
2026.04.20 12:00:00	0.871250	0.871250	0.871250	0.871250
2026.04.20 13:00:00	0.870220	0.870220	0.870220	0.870220
2026.04.20 14:00:00	0.870690	0.870690	0.870690	0.870690
2026.04.20 15:00:00	0.870290	0.870290	0.870290	0.870290
2026.04.20 16:00:00	0.870330	0.870330	0.870330	0.870330
2026.04.20 17:00:00	0.870020	0.870020	0.870020	0.870020
2026.04.20 18:00:00	0.870390	0.870390	0.870390	0.870390
2026.04.20 19:00:00	0.870220	0.870220	0.870220	0.870220
2026.04.20 20:00:00	0.870450	0.870450	0.870450	0.870450
2026.04.20 21:00:00	0.870500	0.870500	0.870500	0.870500
2026.04.20 22:00:00	0.870420	0.870420	0.870420	0.870420
2026.04.20 23:00:00	0.870840	0.870840	0.870840	0.870840
2026.04.21 00:00:00	0.870800	0.870800	0.870800	0.870800
2026.04.21 01:00:00	0.870780	0.870780	0.870780	0.870780
2026.04.21 02:00:00	0.870760	0.870760	0.870760	0.870760
2026.04.21 03:00:00	0.870820	0.870820	0.870820	0.870820
2026.04.21 04:00:00	0.871130	0.871130	0.871130	0.871130
2026.04.21 05:00:00	0.870940	0.870940	0.870940	0.870940
2026.04.21 06:00:00	0.871070	0.871070	0.871070	0.871070
2026.04.21 07:00:00	0.871020	0.871020	0.871020	0.871020
2026.04.21 08:00:00	0.871170	0.871170	0.871170	0.871170
2026.04.21 09:00:00	0.871200	0.871200	0.871200	0.871200
2026.04.21 10:00:00	0.870830	0.870830	0.870830	0.870830
2026.04.21 11:00:00	0.870870	0.870870	0.870870	0.870870
2026.04.21 12:00:00	0.871180	0.871180	0.871180	0.871180
2026.04.21 13:00:00	0.870800	0.870800	0.870800	0.870800
2026.04.21 14:00:00	0.870400	0.870400	0.870400	0.870400
2026.04.21 15:00:00	0.870340	0.870340	0.870340	0.870340
2026.04.21 16:00:00	0.870010	0.870010	0.870010	0.870010
2026.04.21 17:00:00	0.869810	0.869810	0.869810	0.869810
2026.04.21 18:00:00	0.869860	0.869860	0.869860	0.869860
2026.04.21 19:00:00	0.869710	0.869710	0.869710	0.869710
2026.04.21 20:00:00	0.869790	0.869790	0.869790	0.869790
2026.04.21 21:00:00	0.869420	0.869420	0.869420	0.869420
2026.04.21 22:00:00	0.869350	0.869350	0.869350	0.869350
2026.04.21 23:00:00	0.869630	0.869630	0.869630	0.869630
2026.04.22 00:00:00	0.869160	0.869160	0.869160	0.869160
2026.04.22 01:00:00	0.869380	0.869380	0.869380	0.869380
2026.04.22 02:00:00	0.869290	0.869290	0.869290	0.869290
2026.04.22 03:00:00	0.869250	0.869250	0.869250	0.869250
2026.04.22 04:00:00	0.869180	0.869180	0.869180	0.869180
2026.04.22 05:00:00	0.869180	0.869180	0.869180	0.869180
2026.04.22 06:00:00	0.869210	0.869210	0.869210	0.869210
2026.04.22 07:00:00	0.868980	0.868980	0.868980	0.868980
2026.04.22 08:00:00	0.869020	0.869020	0.869020	0.869020
2026.04.22 09:00:00	0.868720	0.868720	0.868720	0.868720
2026.04.22 10:00:00	0.869120	0.869120	0.869120	0.869120
2026.04.22 11:00:00	0.868970	0.868970	0.868970	0.868970
2026.04.22 12:00:00	0.868700	0.868700	0.868700	0.868700
2026.04.22 13:00:00	0.868780	0.868780	0.868780	0.868780
2026.04.22 14:00:00	0.869000	0.869000	0.869000	0.869000
2026.04.22 15:00:00	0.868960	0.868960	0.868960	0.868960
2026.04.22 16:00:00	0.869010	0.869010	0.869010	0.869010
2026.04.22 17:00:00	0.868410	0.868410	0.868410	0.868410
2026.04.22 18:00:00	0.867990	0.867990	0.867990	0.867990
2026.04.22 19:00:00	0.867330	0.867330	0.867330	0.867330
2026.04.22 20:00:00	0.867230	0.867230	0.867230	0.867230
2026.04.22 21:00:00	0.866630	0.866630	0.866630	0.866630
2026.04.22 22:00:00	0.866880	0.866880	0.866880	0.866880
2026.04.22 23:00:00	0.866750	0.866750	0.866750	0.866750
2026.04.23 00:00:00	0.866720	0.866720	0.866720	0.866720
2026.04.23 01:00:00	0.866710	0.866710	0.866710	0.866710
2026.04.23 02:00:00	0.866920	0.866920	0.866920	0.866920
2026.04.23 03:00:00	0.867020	0.867020	0.867020	0.867020
2026.04.23 04:00:00	0.866870	0.866870	0.866870	0.866870
2026.04.23 05:00:00	0.867280	0.867280	0.867280	0.867280
2026.04.23 06:00:00	0.867210	0.867210	0.867210	0.867210
2026.04.23 07:00:00	0.867170	0.867170	0.867170	0.867170
2026.04.23 08:00:00	0.867200	0.867200	0.867200	0.867200
2026.04.23 09:00:00	0.867530	0.867530	0.867530	0.867530
2026.04.23 10:00:00	0.867380	0.867380	0.867380	0.867380
2026.04.23 11:00:00	0.867450	0.867450	0.867450	0.867450
2026.04.23 12:00:00	0.866390	0.866390	0.866390	0.866390
2026.04.23 13:00:00	0.866100	0.866100	0.866100	0.866100
2026.04.23 14:00:00	0.866260	0.866260	0.866260	0.866260
2026.04.23 15:00:00	0.865520	0.865520	0.865520	0.865520
2026.04.23 16:00:00	0.866790	0.866790	0.866790	0.866790
2026.04.23 17:00:00	0.866040	0.866040	0.866040	0.866040
2026.04.23 18:00:00	0.866700	0.866700	0.866700	0.866700
2026.04.23 19:00:00	0.867260	0.867260	0.867260	0.867260
2026.04.23 20:00:00	0.867250	0.867250	0.867250	0.867250
2026.04.23 21:00:00	0.867480	0.867480	0.867480	0.867480
2026.04.23 22:00:00	0.867470	0.867470	0.867470	0.867470
2026.04.23 23:00:00	0.867660	0.867660	0.867660	0.867660
2026.04.24 00:00:00	0.867410	0.867410	0.867410	0.867410
2026.04.24 01:00:00	0.867320	0.867320	0.867320	0.867320
2026.04.24 02:00:00	0.867610	0.867610	0.867610	0.867610
2026.04.24 03:00:00	0.867550	0.867550	0.867550	0.867550
2026.04.24 04:00:00	0.867550	0.867550	0.867550	0.867550
2026.04.24 05:00:00	0.867500	0.867500	0.867500	0.867500
2026.04.24 06:00:00	0.867560	0.867560	0.867560	0.867560
2026.04.24 07:00:00	0.867540	0.867540	0.867540	0.867540
2026.04.24 08:00:00	0.867400	0.867400	0.867400	0.867400
2026.04.24 09:00:00	0.867420	0.867420	0.867420	0.867420
2026.04.24 10:00:00	0.867290	0.867290	0.867290	0.867290
2026.04.24 11:00:00	0.867390	0.867390	0.867390	0.867390
2026.04.24 12:00:00	0.867350	0.867350	0.867350	0.867350
2026.04.24 13:00:00	0.866690	0.866690	0.866690	0.866690
2026.04.24 14:00:00	0.867310	0.867310	0.867310	0.867310
2026.04.24 15:00:00	0.867980	0.867980	0.867980	0.867980
2026.04.24 16:00:00	0.867120	0.867120	0.867120	0.867120
2026.04.24 17:00:00	0.867280	0.867280	0.867280	0.867280
2026.04.24 18:00:00	0.867000	0.867000	0.867000	0.867000
2026.04.24 19:00:00	0.866900	0.866900	0.866900	0.866900
2026.04.24 20:00:00	0.866640	0.866640	0.866640	0.866640
2026.04.24 21:00:00	0.866320	0.866320	0.866320	0.866320
2026.04.24 22:00:00	0.866050	0.866050	0.866050	0.866050
2026.04.24 23:00:00	0.865850	0.865850	0.865850	0.865850
2026.04.27 00:00:00	0.865740	0.865740	0.865740	0.865740
2026.04.27 01:00:00	0.866360	0.866360	0.866360	0.866360
2026.04.27 02:00:00	0.866200	0.866200	0.866200	0.866200
2026.04.27 03:00:00	0.866120	0.866120	0.866120	0.866120
2026.04.27 04:00:00	0.866360	0.866360	0.866360	0.866360
2026.04.27 05:00:00	0.866180	0.866180	0.866180	0.866180
2026.04.27 06:00:00	0.866080	0.866080	0.866080	0.866080
2026.04.27 07:00:00	0.865900	0.865900	0.865900	0.865900
2026.04.27 08:00:00	0.865910	0.865910	0.865910	0.865910
2026.04.27 09:00:00	0.866090	0.866090	0.866090	0.866090
2026.04.27 10:00:00	0.866470	0.866470	0.866470	0.866470
2026.04.27 11:00:00	0.866940	0.866940	0.866940	0.866940
2026.04.27 12:00:00	0.866700	0.866700	0.866700	0.866700
2026.04.27 13:00:00	0.866450	0.866450	0.866450	0.866450
2026.04.27 14:00:00	0.866110	0.866110	0.866110	0.866110
2026.04.27 15:00:00	0.865890	0.865890	0.865890	0.865890
2026.04.27 16:00:00	0.866720	0.866720	0.866720	0.866720
2026.04.27 17:00:00	0.866660	0.866660	0.866660	0.866660
2026.04.27 18:00:00	0.865690	0.865690	0.865690	0.865690
2026.04.27 19:00:00	0.865540	0.865540	0.865540	0.865540
2026.04.27 20:00:00	0.865720	0.865720	0.865720	0.865720
2026.04.27 21:00:00	0.865820	0.865820	0.865820	0.865820
2026.04.27 22:00:00	0.865960	0.865960	0.865960	0.865960
2026.04.27 23:00:00	0.866050	0.866050	0.866050	0.866050
2026.04.28 00:00:00	0.865780	0.865780	0.865780	0.865780
2026.04.28 01:00:00	0.865690	0.865690	0.865690	0.865690
2026.04.28 02:00:00	0.865900	0.865900	0.865900	0.865900
2026.04.28 03:00:00	0.865860	0.865860	0.865860	0.865860
2026.04.28 04:00:00	0.865880	0.865880	0.865880	0.865880
2026.04.28 05:00:00	0.866040	0.866040	0.866040	0.866040
2026.04.28 06:00:00	0.865780	0.865780	0.865780	0.865780
2026.04.28 07:00:00	0.865510	0.865510	0.865510	0.865510
2026.04.28 08:00:00	0.865560	0.865560	0.865560	0.865560
2026.04.28 09:00:00	0.865870	0.865870	0.865870	0.865870
2026.04.28 10:00:00	0.865350	0.865350	0.865350	0.865350
2026.04.28 11:00:00	0.865770	0.865770	0.865770	0.865770
2026.04.28 12:00:00	0.866390	0.866390	0.866390	0.866390
2026.04.28 13:00:00	0.866600	0.866600	0.866600	0.866600
2026.04.28 14:00:00	0.867080	0.867080	0.867080	0.867080
2026.04.28 15:00:00	0.867340	0.867340	0.867340	0.867340
2026.04.28 16:00:00	0.866830	0.866830	0.866830	0.866830
2026.04.28 17:00:00	0.866670	0.866670	0.866670	0.866670
2026.04.28 18:00:00	0.866790	0.866790	0.866790	0.866790
2026.04.28 19:00:00	0.866860	0.866860	0.866860	0.866860
2026.04.28 20:00:00	0.866430	0.866430	0.866430	0.866430
2026.04.28 21:00:00	0.866450	0.866450	0.866450	0.866450
2026.04.28 22:00:00	0.866340	0.866340	0.866340	0.866340
2026.04.28 23:00:00	0.866220	0.866220	0.866220	0.866220
2026.04.29 00:00:00	0.866190	0.866190	0.866190	0.866190
2026.04.29 01:00:00	0.866200	0.866200	0.866200	0.866200
2026.04.29 02:00:00	0.866410	0.866410	0.866410	0.866410
2026.04.29 03:00:00	0.866380	0.866380	0.866380	0.866380
2026.04.29 04:00:00	0.866180	0.866180	0.866180	0.866180
2026.04.29 05:00:00	0.866400	0.866400	0.866400	0.866400
2026.04.29 06:00:00	0.866410	0.866410	0.866410	0.866410
2026.04.29 07:00:00	0.866300	0.866300	0.866300	0.866300
2026.04.29 08:00:00	0.866170	0.866170	0.866170	0.866170
2026.04.29 09:00:00	0.866360	0.866360	0.866360	0.866360
2026.04.29 10:00:00	0.866560	0.866560	0.866560	0.866560
2026.04.29 11:00:00	0.866690	0.866690	0.866690	0.866690
2026.04.29 12:00:00	0.866670	0.866670	0.866670	0.866670
2026.04.29 13:00:00	0.866200	0.866200	0.866200	0.866200
2026.04.29 14:00:00	0.866540	0.866540	0.866540	0.866540
2026.04.29 15:00:00	0.866350	0.866350	0.866350	0.866350
2026.04.29 16:00:00	0.866510	0.866510	0.866510	0.866510
2026.04.29 17:00:00	0.867190	0.867190	0.867190	0.867190
2026.04.29 18:00:00	0.866570	0.866570	0.866570	0.866570
2026.04.29 19:00:00	0.866920	0.866920	0.866920	0.866920
2026.04.29 20:00:00	0.866670	0.866670	0.866670	0.866670
2026.04.29 21:00:00	0.866510	0.866510	0.866510	0.866510
2026.04.29 22:00:00	0.866330	0.866330	0.866330	0.866330
2026.04.29 23:00:00	0.866380	0.866380	0.866380	0.866380
2026.04.30 00:00:00	0.866410	0.866410	0.866410	0.866410
2026.04.30 01:00:00	0.865850	0.865850	0.865850	0.865850
2026.04.30 02:00:00	0.866190	0.866190	0.866190	0.866190
2026.04.30 03:00:00	0.866180	0.866180	0.866180	0.866180
2026.04.30 04:00:00	0.866040	0.866040	0.866040	0.866040
2026.04.30 05:00:00	0.865850	0.865850	0.865850	0.865850
2026.04.30 06:00:00	0.865740	0.865740	0.865740	0.865740
2026.04.30 07:00:00	0.865600	0.865600	0.865600	0.865600
2026.04.30 08:00:00	0.866120	0.866120	0.866120	0.866120
2026.04.30 09:00:00	0.866150	0.866150	0.866150	0.866150
2026.04.30 10:00:00	0.866080	0.866080	0.866080	0.866080
2026.04.30 11:00:00	0.865940	0.865940	0.865940	0.865940
2026.04.30 12:00:00	0.866060	0.866060	0.866060	0.866060
2026.04.30 13:00:00	0.866000	0.866000	0.866000	0.866000
2026.04.30 14:00:00	0.865700	0.865700	0.865700	0.865700
2026.04.30 15:00:00	0.865830	0.865830	0.865830	0.865830
2026.04.30 16:00:00	0.865230	0.865230	0.865230	0.865230
2026.04.30 17:00:00	0.864830	0.864830	0.864830	0.864830
2026.04.30 18:00:00	0.863360	0.863360	0.863360	0.863360
2026.04.30 19:00:00	0.863670	0.863670	0.863670	0.863670
2026.04.30 20:00:00	0.863490	0.863490	0.863490	0.863490
2026.04.30 21:00:00	0.863230	0.863230	0.863230	0.863230
2026.04.30 22:00:00	0.862760	0.862760	0.862760	0.862760
2026.04.30 23:00:00	0.862410	0.862410	0.862410	0.862410
2026.05.01 00:00:00	0.862050	0.862050	0.862050	0.862050
2026.05.01 01:00:00	0.862290	0.862290	0.862290	0.862290
2026.05.01 02:00:00	0.862310	0.862310	0.862310	0.862310
2026.05.01 03:00:00	0.862220	0.862220	0.862220	0.862220
2026.05.01 04:00:00	0.862030	0.862030	0.862030	0.862030
2026.05.01 05:00:00	0.862120	0.862120	0.862120	0.862120
2026.05.01 06:00:00	0.862320	0.862320	0.862320	0.862320
2026.05.01 07:00:00	0.862380	0.862380	0.862380	0.862380
2026.05.01 08:00:00	0.862390	0.862390	0.862390	0.862390
2026.05.01 09:00:00	0.862570	0.862570	0.862570	0.862570
2026.05.01 10:00:00	0.862150	0.862150	0.862150	0.862150
2026.05.01 11:00:00	0.862460	0.862460	0.862460	0.862460
2026.05.01 12:00:00	0.862940	0.862940	0.862940	0.862940
2026.05.01 13:00:00	0.862980	0.862980	0.862980	0.862980
2026.05.01 14:00:00	0.863150	0.863150	0.863150	0.863150
2026.05.01 15:00:00	0.862740	0.862740	0.862740	0.862740
2026.05.01 16:00:00	0.862600	0.862600	0.862600	0.862600
2026.05.01 17:00:00	0.862400	0.862400	0.862400	0.862400
2026.05.01 18:00:00	0.863710	0.863710	0.863710	0.863710
2026.05.01 19:00:00	0.863090	0.863090	0.863090	0.863090
2026.05.01 20:00:00	0.863130	0.863130	0.863130	0.863130
2026.05.01 21:00:00	0.863090	0.863090	0.863090	0.863090
2026.05.01 22:00:00	0.863360	0.863360	0.863360	0.863360
2026.05.01 23:00:00	0.863370	0.863370	0.863370	0.863370
2026.05.04 00:00:00	0.863400	0.863400	0.863400	0.863400
2026.05.04 01:00:00	0.862980	0.862980	0.862980	0.862980
2026.05.04 02:00:00	0.863320	0.863320	0.863320	0.863320
2026.05.04 03:00:00	0.863300	0.863300	0.863300	0.863300
2026.05.04 04:00:00	0.863020	0.863020	0.863020	0.863020
2026.05.04 05:00:00	0.863040	0.863040	0.863040	0.863040
2026.05.04 06:00:00	0.863150	0.863150	0.863150	0.863150
2026.05.04 07:00:00	0.863100	0.863100	0.863100	0.863100
2026.05.04 08:00:00	0.863110	0.863110	0.863110	0.863110
2026.05.04 09:00:00	0.862980	0.862980	0.862980	0.862980
2026.05.04 10:00:00	0.863550	0.863550	0.863550	0.863550
2026.05.04 11:00:00	0.863650	0.863650	0.863650	0.863650
2026.05.04 12:00:00	0.864110	0.864110	0.864110	0.864110
2026.05.04 13:00:00	0.864070	0.864070	0.864070	0.864070
2026.05.04 14:00:00	0.864040	0.864040	0.864040	0.864040
2026.05.04 15:00:00	0.863430	0.863430	0.863430	0.863430
2026.05.04 16:00:00	0.863610	0.863610	0.863610	0.863610
2026.05.04 17:00:00	0.863850	0.863850	0.863850	0.863850
2026.05.04 18:00:00	0.863670	0.863670	0.863670	0.863670
2026.05.04 19:00:00	0.864290	0.864290	0.864290	0.864290
2026.05.04 20:00:00	0.864050	0.864050	0.864050	0.864050
2026.05.04 21:00:00	0.863990	0.863990	0.863990	0.863990
2026.05.04 22:00:00	0.863990	0.863990	0.863990	0.863990
2026.05.04 23:00:00	0.863820	0.863820	0.863820	0.863820
2026.05.05 00:00:00	0.863320	0.863320	0.863320	0.863320
2026.05.05 01:00:00	0.863650	0.863650	0.863650	0.863650
2026.05.05 02:00:00	0.864040	0.864040	0.864040	0.864040
2026.05.05 03:00:00	0.863960	0.863960	0.863960	0.863960
2026.05.05 04:00:00	0.864000	0.864000	0.864000	0.864000
2026.05.05 05:00:00	0.863940	0.863940	0.863940	0.863940
2026.05.05 06:00:00	0.863990	0.863990	0.863990	0.863990
2026.05.05 07:00:00	0.864010	0.864010	0.864010	0.864010
2026.05.05 08:00:00	0.863910	0.863910	0.863910	0.863910
2026.05.05 09:00:00	0.864090	0.864090	0.864090	0.864090
2026.05.05 10:00:00	0.863520	0.863520	0.863520	0.863520
2026.05.05 11:00:00	0.863330	0.863330	0.863330	0.863330
2026.05.05 12:00:00	0.863050	0.863050	0.863050	0.863050
2026.05.05 13:00:00	0.863160	0.863160	0.863160	0.863160
2026.05.05 14:00:00	0.862880	0.862880	0.862880	0.862880
2026.05.05 15:00:00	0.863170	0.863170	0.863170	0.863170
2026.05.05 16:00:00	0.863220	0.863220	0.863220	0.863220
2026.05.05 17:00:00	0.862940	0.862940	0.862940	0.862940
2026.05.05 18:00:00	0.862890	0.862890	0.862890	0.862890
2026.05.05 19:00:00	0.862350	0.862350	0.862350	0.862350
2026.05.05 20:00:00	0.862940	0.862940	0.862940	0.862940
2026.05.05 21:00:00	0.863230	0.863230	0.863230	0.863230
2026.05.05 22:00:00	0.863430	0.863430	0.863430	0.863430
2026.05.05 23:00:00	0.863470	0.863470	0.863470	0.863470
2026.05.06 00:00:00	0.863130	0.863130	0.863130	0.863130
2026.05.06 01:00:00	0.863330	0.863330	0.863330	0.863330
2026.05.06 02:00:00	0.863330	0.863330	0.863330	0.863330
2026.05.06 03:00:00	0.863340	0.863340	0.863340	0.863340
2026.05.06 04:00:00	0.863280	0.863280	0.863280	0.863280
2026.05.06 05:00:00	0.863430	0.863430	0.863430	0.863430
2026.05.06 06:00:00	0.863480	0.863480	0.863480	0.863480
2026.05.06 07:00:00	0.863740	0.863740	0.863740	0.863740
2026.05.06 08:00:00	0.863590	0.863590	0.863590	0.863590
2026.05.06 09:00:00	0.863510	0.863510	0.863510	0.863510
2026.05.06 10:00:00	0.863360	0.863360	0.863360	0.863360
2026.05.06 11:00:00	0.863050	0.863050	0.863050	0.863050
2026.05.06 12:00:00	0.863160	0.863160	0.863160	0.863160
2026.05.06 13:00:00	0.864090	0.864090	0.864090	0.864090
2026.05.06 14:00:00	0.864400	0.864400	0.864400	0.864400
2026.05.06 15:00:00	0.863870	0.863870	0.863870	0.863870
2026.05.06 16:00:00	0.863400	0.863400	0.863400	0.863400
2026.05.06 17:00:00	0.863510	0.863510	0.863510	0.863510
2026.05.06 18:00:00	0.864010	0.864010	0.864010	0.864010
2026.05.06 19:00:00	0.864370	0.864370	0.864370	0.864370
2026.05.06 20:00:00	0.864500	0.864500	0.864500	0.864500
2026.05.06 21:00:00	0.864240	0.864240	0.864240	0.864240
2026.05.06 22:00:00	0.864190	0.864190	0.864190	0.864190
2026.05.06 23:00:00	0.864130	0.864130	0.864130	0.864130
2026.05.07 00:00:00	0.864000	0.864000	0.864000	0.864000
2026.05.07 01:00:00	0.864260	0.864260	0.864260	0.864260
2026.05.07 02:00:00	0.864240	0.864240	0.864240	0.864240
2026.05.07 03:00:00	0.864290	0.864290	0.864290	0.864290
2026.05.07 04:00:00	0.864260	0.864260	0.864260	0.864260
2026.05.07 05:00:00	0.864230	0.864230	0.864230	0.864230
2026.05.07 06:00:00	0.864110	0.864110	0.864110	0.864110
2026.05.07 07:00:00	0.864240	0.864240	0.864240	0.864240
2026.05.07 08:00:00	0.864090	0.864090	0.864090	0.864090
2026.05.07 09:00:00	0.864350	0.864350	0.864350	0.864350
2026.05.07 10:00:00	0.863720	0.863720	0.863720	0.863720
2026.05.07 11:00:00	0.863800	0.863800	0.863800	0.863800
2026.05.07 12:00:00	0.864090	0.864090	0.864090	0.864090
2026.05.07 13:00:00	0.864160	0.864160	0.864160	0.864160
2026.05.07 14:00:00	0.863850	0.863850	0.863850	0.863850
2026.05.07 15:00:00	0.864200	0.864200	0.864200	0.864200
2026.05.07 16:00:00	0.864080	0.864080	0.864080	0.864080
2026.05.07 17:00:00	0.864040	0.864040	0.864040	0.864040
2026.05.07 18:00:00	0.863850	0.863850	0.863850	0.863850
2026.05.07 19:00:00	0.864380	0.864380	0.864380	0.864380
2026.05.07 20:00:00	0.865020	0.865020	0.865020	0.865020
2026.05.07 21:00:00	0.864870	0.864870	0.864870	0.864870
2026.05.07 22:00:00	0.865120	0.865120	0.865120	0.865120
2026.05.07 23:00:00	0.865070	0.865070	0.865070	0.865070
2026.05.08 00:00:00	0.864920	0.864920	0.864920	0.864920
2026.05.08 01:00:00	0.865060	0.865060	0.865060	0.865060
2026.05.08 02:00:00	0.865400	0.865400	0.865400	0.865400
2026.05.08 03:00:00	0.865290	0.865290	0.865290	0.865290
2026.05.08 04:00:00	0.865300	0.865300	0.865300	0.865300
2026.05.08 05:00:00	0.865220	0.865220	0.865220	0.865220
2026.05.08 06:00:00	0.865030	0.865030	0.865030	0.865030
2026.05.08 07:00:00	0.865190	0.865190	0.865190	0.865190
2026.05.08 08:00:00	0.865010	0.865010	0.865010	0.865010
2026.05.08 09:00:00	0.864580	0.864580	0.864580	0.864580
2026.05.08 10:00:00	0.864380	0.864380	0.864380	0.864380
2026.05.08 11:00:00	0.864550	0.864550	0.864550	0.864550
2026.05.08 12:00:00	0.864040	0.864040	0.864040	0.864040
2026.05.08 13:00:00	0.864350	0.864350	0.864350	0.864350
2026.05.08 14:00:00	0.864730	0.864730	0.864730	0.864730
2026.05.08 15:00:00	0.864180	0.864180	0.864180	0.864180
2026.05.08 16:00:00	0.864780	0.864780	0.864780	0.864780
2026.05.08 17:00:00	0.864390	0.864390	0.864390	0.864390
2026.05.08 18:00:00	0.864080	0.864080	0.864080	0.864080
2026.05.08 19:00:00	0.864040	0.864040	0.864040	0.864040
2026.05.08 20:00:00	0.864350	0.864350	0.864350	0.864350
2026.05.08 21:00:00	0.864260	0.864260	0.864260	0.864260
2026.05.08 22:00:00	0.864570	0.864570	0.864570	0.864570
2026.05.08 23:00:00	0.864300	0.864300	0.864300	0.864300
2026.05.11 00:00:00	0.866190	0.866190	0.866190	0.866190
2026.05.11 01:00:00	0.866760	0.866760	0.866760	0.866760
2026.05.11 02:00:00	0.865560	0.865560	0.865560	0.865560
2026.05.11 03:00:00	0.865510	0.865510	0.865510	0.865510
2026.05.11 04:00:00	0.865400	0.865400	0.865400	0.865400
2026.05.11 05:00:00	0.865270	0.865270	0.865270	0.865270
2026.05.11 06:00:00	0.865160	0.865160	0.865160	0.865160
2026.05.11 07:00:00	0.865030	0.865030	0.865030	0.865030
2026.05.11 08:00:00	0.865110	0.865110	0.865110	0.865110
2026.05.11 09:00:00	0.864900	0.864900	0.864900	0.864900
2026.05.11 10:00:00	0.865240	0.865240	0.865240	0.865240
2026.05.11 11:00:00	0.865510	0.865510	0.865510	0.865510
2026.05.11 12:00:00	0.864960	0.864960	0.864960	0.864960
2026.05.11 13:00:00	0.865210	0.865210	0.865210	0.865210
2026.05.11 14:00:00	0.866020	0.866020	0.866020	0.866020
2026.05.11 15:00:00	0.864780	0.864780	0.864780	0.864780
2026.05.11 16:00:00	0.864970	0.864970	0.864970	0.864970
2026.05.11 17:00:00	0.864970	0.864970	0.864970	0.864970
2026.05.11 18:00:00	0.863550	0.863550	0.863550	0.863550
2026.05.11 19:00:00	0.862940	0.862940	0.862940	0.862940
2026.05.11 20:00:00	0.862980	0.862980	0.862980	0.862980
2026.05.11 21:00:00	0.863220	0.863220	0.863220	0.863220
2026.05.11 22:00:00	0.863880	0.863880	0.863880	0.863880
2026.05.11 23:00:00	0.864750	0.864750	0.864750	0.864750
2026.05.12 00:00:00	0.865550	0.865550	0.865550	0.865550
2026.05.12 01:00:00	0.866010	0.866010	0.866010	0.866010
2026.05.12 02:00:00	0.866000	0.866000	0.866000	0.866000
2026.05.12 03:00:00	0.865710	0.865710	0.865710	0.865710
2026.05.12 04:00:00	0.865510	0.865510	0.865510	0.865510
2026.05.12 05:00:00	0.865530	0.865530	0.865530	0.865530
2026.05.12 06:00:00	0.865390	0.865390	0.865390	0.865390
2026.05.12 07:00:00	0.865420	0.865420	0.865420	0.865420
2026.05.12 08:00:00	0.865390	0.865390	0.865390	0.865390
2026.05.12 09:00:00	0.866430	0.866430	0.866430	0.866430
2026.05.12 10:00:00	0.867380	0.867380	0.867380	0.867380
2026.05.12 11:00:00	0.868940	0.868940	0.868940	0.868940
2026.05.12 12:00:00	0.867940	0.867940	0.867940	0.867940
2026.05.12 13:00:00	0.867590	0.867590	0.867590	0.867590
2026.05.12 14:00:00	0.867470	0.867470	0.867470	0.867470
2026.05.12 15:00:00	0.867730	0.867730	0.867730	0.867730
2026.05.12 16:00:00	0.867720	0.867720	0.867720	0.867720
2026.05.12 17:00:00	0.868110	0.868110	0.868110	0.868110
2026.05.12 18:00:00	0.867680	0.867680	0.867680	0.867680
2026.05.12 19:00:00	0.867290	0.867290	0.867290	0.867290
2026.05.12 20:00:00	0.867530	0.867530	0.867530	0.867530
2026.05.12 21:00:00	0.867560	0.867560	0.867560	0.867560
2026.05.12 22:00:00	0.867530	0.867530	0.867530	0.867530
2026.05.12 23:00:00	0.866990	0.866990	0.866990	0.866990
2026.05.13 00:00:00	0.866850	0.866850	0.866850	0.866850
2026.05.13 01:00:00	0.866740	0.866740	0.866740	0.866740
2026.05.13 02:00:00	0.866920	0.866920	0.866920	0.866920
2026.05.13 03:00:00	0.866910	0.866910	0.866910	0.866910
2026.05.13 04:00:00	0.867030	0.867030	0.867030	0.867030
2026.05.13 05:00:00	0.866790	0.866790	0.866790	0.866790
2026.05.13 06:00:00	0.866860	0.866860	0.866860	0.866860
2026.05.13 07:00:00	0.866700	0.866700	0.866700	0.866700
2026.05.13 08:00:00	0.866950	0.866950	0.866950	0.866950
2026.05.13 09:00:00	0.866000	0.866000	0.866000	0.866000
2026.05.13 10:00:00	0.866260	0.866260	0.866260	0.866260
2026.05.13 11:00:00	0.865780	0.865780	0.865780	0.865780
2026.05.13 12:00:00	0.865220	0.865220	0.865220	0.865220
2026.05.13 13:00:00	0.865890	0.865890	0.865890	0.865890
2026.05.13 14:00:00	0.867060	0.867060	0.867060	0.867060
2026.05.13 15:00:00	0.867240	0.867240	0.867240	0.867240
2026.05.13 16:00:00	0.867340	0.867340	0.867340	0.867340
2026.05.13 17:00:00	0.866420	0.866420	0.866420	0.866420
2026.05.13 18:00:00	0.866280	0.866280	0.866280	0.866280
2026.05.13 19:00:00	0.866180	0.866180	0.866180	0.866180
2026.05.13 20:00:00	0.866240	0.866240	0.866240	0.866240
2026.05.13 21:00:00	0.866100	0.866100	0.866100	0.866100
2026.05.13 22:00:00	0.865970	0.865970	0.865970	0.865970
2026.05.13 23:00:00	0.865830	0.865830	0.865830	0.865830
2026.05.14 00:00:00	0.865760	0.865760	0.865760	0.865760
2026.05.14 01:00:00	0.866200	0.866200	0.866200	0.866200
2026.05.14 02:00:00	0.866120	0.866120	0.866120	0.866120
2026.05.14 03:00:00	0.866040	0.866040	0.866040	0.866040
2026.05.14 04:00:00	0.865950	0.865950	0.865950	0.865950
2026.05.14 05:00:00	0.866180	0.866180	0.866180	0.866180
2026.05.14 06:00:00	0.865980	0.865980	0.865980	0.865980
2026.05.14 07:00:00	0.865770	0.865770	0.865770	0.865770
2026.05.14 08:00:00	0.865840	0.865840	0.865840	0.865840
2026.05.14 09:00:00	0.866270	0.866270	0.866270	0.866270
2026.05.14 10:00:00	0.866190	0.866190	0.866190	0.866190
2026.05.14 11:00:00	0.866750	0.866750	0.866750	0.866750
2026.05.14 12:00:00	0.866130	0.866130	0.866130	0.866130
2026.05.14 13:00:00	0.866380	0.866380	0.866380	0.866380
2026.05.14 14:00:00	0.866450	0.866450	0.866450	0.866450
2026.05.14 15:00:00	0.866540	0.866540	0.866540	0.866540
2026.05.14 16:00:00	0.865880	0.865880	0.865880	0.865880
2026.05.14 17:00:00	0.865820	0.865820	0.865820	0.865820
2026.05.14 18:00:00	0.866040	0.866040	0.866040	0.866040
2026.05.14 19:00:00	0.866330	0.866330	0.866330	0.866330
2026.05.14 20:00:00	0.868490	0.868490	0.868490	0.868490
2026.05.14 21:00:00	0.870720	0.870720	0.870720	0.870720
2026.05.14 22:00:00	0.871000	0.871000	0.871000	0.871000
2026.05.14 23:00:00	0.870860	0.870860	0.870860	0.870860
2026.05.15 00:00:00	0.870490	0.870490	0.870490	0.870490
2026.05.15 01:00:00	0.870530	0.870530	0.870530	0.870530
2026.05.15 02:00:00	0.870840	0.870840	0.870840	0.870840
2026.05.15 03:00:00	0.870810	0.870810	0.870810	0.870810
2026.05.15 04:00:00	0.871000	0.871000	0.871000	0.871000
2026.05.15 05:00:00	0.871250	0.871250	0.871250	0.871250
2026.05.15 06:00:00	0.871180	0.871180	0.871180	0.871180
2026.05.15 07:00:00	0.871010	0.871010	0.871010	0.871010
2026.05.15 08:00:00	0.871460	0.871460	0.871460	0.871460
2026.05.15 09:00:00	0.871770	0.871770	0.871770	0.871770
2026.05.15 10:00:00	0.871400	0.871400	0.871400	0.871400
2026.05.15 11:00:00	0.870640	0.870640	0.870640	0.870640
2026.05.15 12:00:00	0.871560	0.871560	0.871560	0.871560
2026.05.15 13:00:00	0.871040	0.871040	0.871040	0.871040
2026.05.15 14:00:00	0.870410	0.870410	0.870410	0.870410
2026.05.15 15:00:00	0.870560	0.870560	0.870560	0.870560
2026.05.15 16:00:00	0.870580	0.870580	0.870580	0.870580
2026.05.15 17:00:00	0.871180	0.871180	0.871180	0.871180
2026.05.15 18:00:00	0.871410	0.871410	0.871410	0.871410
2026.05.15 19:00:00	0.872080	0.872080	0.872080	0.872080
2026.05.15 20:00:00	0.872320	0.872320	0.872320	0.872320
2026.05.15 21:00:00	0.872240	0.872240	0.872240	0.872240
2026.05.15 22:00:00	0.872290	0.872290	0.872290	0.872290
2026.05.15 23:00:00	0.872460	0.872460	0.872460	0.872460
2026.05.18 00:00:00	0.871730	0.871730	0.871730	0.871730
2026.05.18 01:00:00	0.872060	0.872060	0.872060	0.872060
2026.05.18 02:00:00	0.872770	0.872770	0.872770	0.872770
2026.05.18 03:00:00	0.872490	0.872490	0.872490	0.872490
2026.05.18 04:00:00	0.872400	0.872400	0.872400	0.872400
2026.05.18 05:00:00	0.872650	0.872650	0.872650	0.872650
2026.05.18 06:00:00	0.872690	0.872690	0.872690	0.872690
2026.05.18 07:00:00	0.872860	0.872860	0.872860	0.872860
2026.05.18 08:00:00	0.872610	0.872610	0.872610	0.872610
2026.05.18 09:00:00	0.872300	0.872300	0.872300	0.872300
2026.05.18 10:00:00	0.871130	0.871130	0.871130	0.871130
2026.05.18 11:00:00	0.871070	0.871070	0.871070	0.871070
2026.05.18 12:00:00	0.870170	0.870170	0.870170	0.870170
2026.05.18 13:00:00	0.870640	0.870640	0.870640	0.870640
2026.05.18 14:00:00	0.871010	0.871010	0.871010	0.871010
2026.05.18 15:00:00	0.870240	0.870240	0.870240	0.870240
2026.05.18 16:00:00	0.869730	0.869730	0.869730	0.869730
2026.05.18 17:00:00	0.869970	0.869970	0.869970	0.869970
2026.05.18 18:00:00	0.869110	0.869110	0.869110	0.869110
2026.05.18 19:00:00	0.868010	0.868010	0.868010	0.868010
2026.05.18 20:00:00	0.867530	0.867530	0.867530	0.867530
2026.05.18 21:00:00	0.867730	0.867730	0.867730	0.867730
2026.05.18 22:00:00	0.867610	0.867610	0.867610	0.867610
2026.05.18 23:00:00	0.867440	0.867440	0.867440	0.867440
2026.05.19 00:00:00	0.867500	0.867500	0.867500	0.867500
2026.05.19 01:00:00	0.867770	0.867770	0.867770	0.867770
2026.05.19 02:00:00	0.867670	0.867670	0.867670	0.867670
2026.05.19 03:00:00	0.867630	0.867630	0.867630	0.867630
2026.05.19 04:00:00	0.867640	0.867640	0.867640	0.867640
2026.05.19 05:00:00	0.867940	0.867940	0.867940	0.867940
2026.05.19 06:00:00	0.867760	0.867760	0.867760	0.867760
2026.05.19 07:00:00	0.867780	0.867780	0.867780	0.867780
2026.05.19 08:00:00	0.867910	0.867910	0.867910	0.867910
2026.05.19 09:00:00	0.867570	0.867570	0.867570	0.867570
2026.05.19 10:00:00	0.868360	0.868360	0.868360	0.868360
2026.05.19 11:00:00	0.868060	0.868060	0.868060	0.868060
2026.05.19 12:00:00	0.867790	0.867790	0.867790	0.867790
2026.05.19 13:00:00	0.866560	0.866560	0.866560	0.866560
2026.05.19 14:00:00	0.866750	0.866750	0.866750	0.866750
2026.05.19 15:00:00	0.866610	0.866610	0.866610	0.866610
2026.05.19 16:00:00	0.866360	0.866360	0.866360	0.866360
2026.05.19 17:00:00	0.866460	0.866460	0.866460	0.866460
2026.05.19 18:00:00	0.865710	0.865710	0.865710	0.865710
2026.05.19 19:00:00	0.865800	0.865800	0.865800	0.865800
2026.05.19 20:00:00	0.866140	0.866140	0.866140	0.866140
2026.05.19 21:00:00	0.865820	0.865820	0.865820	0.865820
2026.05.19 22:00:00	0.865980	0.865980	0.865980	0.865980
2026.05.19 23:00:00	0.866030	0.866030	0.866030	0.866030
2026.05.20 00:00:00	0.866170	0.866170	0.866170	0.866170
2026.05.20 01:00:00	0.866050	0.866050	0.866050	0.866050
2026.05.20 02:00:00	0.866390	0.866390	0.866390	0.866390
2026.05.20 03:00:00	0.866360	0.866360	0.866360	0.866360
2026.05.20 04:00:00	0.866370	0.866370	0.866370	0.866370
2026.05.20 05:00:00	0.866230	0.866230	0.866230	0.866230
2026.05.20 06:00:00	0.866020	0.866020	0.866020	0.866020
2026.05.20 07:00:00	0.865780	0.865780	0.865780	0.865780
2026.05.20 08:00:00	0.865980	0.865980	0.865980	0.865980
2026.05.20 09:00:00	0.865710	0.865710	0.865710	0.865710
2026.05.20 10:00:00	0.866190	0.866190	0.866190	0.866190
2026.05.20 11:00:00	0.866000	0.866000	0.866000	0.866000
2026.05.20 12:00:00	0.866040	0.866040	0.866040	0.866040
2026.05.20 13:00:00	0.865830	0.865830	0.865830	0.865830
2026.05.20 14:00:00	0.865860	0.865860	0.865860	0.865860
2026.05.20 15:00:00	0.865660	0.865660	0.865660	0.865660
2026.05.20 16:00:00	0.865380	0.865380	0.865380	0.865380
2026.05.20 17:00:00	0.865360	0.865360	0.865360	0.865360
2026.05.20 18:00:00	0.864820	0.864820	0.864820	0.864820
2026.05.20 19:00:00	0.864370	0.864370	0.864370	0.864370
2026.05.20 20:00:00	0.864790	0.864790	0.864790	0.864790
2026.05.20 21:00:00	0.864680	0.864680	0.864680	0.864680
2026.05.20 22:00:00	0.865130	0.865130	0.865130	0.865130
2026.05.20 23:00:00	0.865220	0.865220	0.865220	0.865220
2026.05.21 00:00:00	0.865000	0.865000	0.865000	0.865000
2026.05.21 01:00:00	0.864860	0.864860	0.864860	0.864860
2026.05.21 02:00:00	0.865200	0.865200	0.865200	0.865200
2026.05.21 03:00:00	0.865220	0.865220	0.865220	0.865220
2026.05.21 04:00:00	0.865300	0.865300	0.865300	0.865300
2026.05.21 05:00:00	0.865320	0.865320	0.865320	0.865320
2026.05.21 06:00:00	0.865260	0.865260	0.865260	0.865260
2026.05.21 07:00:00	0.865260	0.865260	0.865260	0.865260
2026.05.21 08:00:00	0.865200	0.865200	0.865200	0.865200
2026.05.21 09:00:00	0.865100	0.865100	0.865100	0.865100
2026.05.21 10:00:00	0.864880	0.864880	0.864880	0.864880
2026.05.21 11:00:00	0.864230	0.864230	0.864230	0.864230
2026.05.21 12:00:00	0.865050	0.865050	0.865050	0.865050
2026.05.21 13:00:00	0.864900	0.864900	0.864900	0.864900
2026.05.21 14:00:00	0.864560	0.864560	0.864560	0.864560
2026.05.21 15:00:00	0.864100	0.864100	0.864100	0.864100
2026.05.21 16:00:00	0.864480	0.864480	0.864480	0.864480
2026.05.21 17:00:00	0.864780	0.864780	0.864780	0.864780
2026.05.21 18:00:00	0.864310	0.864310	0.864310	0.864310
2026.05.21 19:00:00	0.864380	0.864380	0.864380	0.864380
2026.05.21 20:00:00	0.864710	0.864710	0.864710	0.864710
2026.05.21 21:00:00	0.864640	0.864640	0.864640	0.864640
2026.05.21 22:00:00	0.864730	0.864730	0.864730	0.864730
2026.05.21 23:00:00	0.864840	0.864840	0.864840	0.864840
2026.05.22 00:00:00	0.864730	0.864730	0.864730	0.864730
2026.05.22 01:00:00	0.864760	0.864760	0.864760	0.864760
2026.05.22 02:00:00	0.864810	0.864810	0.864810	0.864810
2026.05.22 03:00:00	0.864870	0.864870	0.864870	0.864870
2026.05.22 04:00:00	0.865030	0.865030	0.865030	0.865030
2026.05.22 05:00:00	0.864740	0.864740	0.864740	0.864740
2026.05.22 06:00:00	0.864730	0.864730	0.864730	0.864730
2026.05.22 07:00:00	0.864810	0.864810	0.864810	0.864810
2026.05.22 08:00:00	0.864770	0.864770	0.864770	0.864770
2026.05.22 09:00:00	0.864840	0.864840	0.864840	0.864840
2026.05.22 10:00:00	0.864780	0.864780	0.864780	0.864780
2026.05.22 11:00:00	0.864640	0.864640	0.864640	0.864640
2026.05.22 12:00:00	0.864530	0.864530	0.864530	0.864530
2026.05.22 13:00:00	0.864180	0.864180	0.864180	0.864180
2026.05.22 14:00:00	0.863930	0.863930	0.863930	0.863930
2026.05.22 15:00:00	0.864010	0.864010	0.864010	0.864010
2026.05.22 16:00:00	0.863570	0.863570	0.863570	0.863570
2026.05.22 17:00:00	0.863410	0.863410	0.863410	0.863410
2026.05.22 18:00:00	0.863250	0.863250	0.863250	0.863250
2026.05.22 19:00:00	0.863450	0.863450	0.863450	0.863450
2026.05.22 20:00:00	0.863600	0.863600	0.863600	0.863600
2026.05.22 21:00:00	0.863450	0.863450	0.863450	0.863450
2026.05.22 22:00:00	0.863390	0.863390	0.863390	0.863390
2026.05.22 23:00:00	0.863470	0.863470	0.863470	0.863470
2026.05.25 00:00:00	0.864270	0.864270	0.864270	0.864270
2026.05.25 01:00:00	0.864120	0.864120	0.864120	0.864120
2026.05.25 02:00:00	0.863400	0.863400	0.863400	0.863400
2026.05.25 03:00:00	0.863480	0.863480	0.863480	0.863480
2026.05.25 04:00:00	0.863220	0.863220	0.863220	0.863220
2026.05.25 05:00:00	0.863340	0.863340	0.863340	0.863340
2026.05.25 06:00:00	0.863430	0.863430	0.863430	0.863430
2026.05.25 07:00:00	0.863510	0.863510	0.863510	0.863510
2026.05.25 08:00:00	0.863340	0.863340	0.863340	0.863340
2026.05.25 09:00:00	0.863190	0.863190	0.863190	0.863190
2026.05.25 10:00:00	0.863100	0.863100	0.863100	0.863100
2026.05.25 11:00:00	0.862920	0.862920	0.862920	0.862920
2026.05.25 12:00:00	0.862820	0.862820	0.862820	0.862820
2026.05.25 13:00:00	0.862690	0.862690	0.862690	0.862690
2026.05.25 14:00:00	0.862900	0.862900	0.862900	0.862900
2026.05.25 15:00:00	0.862520	0.862520	0.862520	0.862520
2026.05.25 16:00:00	0.862700	0.862700	0.862700	0.862700
2026.05.25 17:00:00	0.862430	0.862430	0.862430	0.862430
2026.05.25 18:00:00	0.862230	0.862230	0.862230	0.862230
2026.05.25 19:00:00	0.862170	0.862170	0.862170	0.862170
2026.05.25 20:00:00	0.861960	0.861960	0.861960	0.861960
2026.05.25 21:00:00	0.862020	0.862020	0.862020	0.862020
2026.05.25 22:00:00	0.861930	0.861930	0.861930	0.861930
2026.05.25 23:00:00	0.861770	0.861770	0.861770	0.861770
2026.05.26 00:00:00	0.861790	0.861790	0.861790	0.861790
2026.05.26 01:00:00	0.861890	0.861890	0.861890	0.861890
2026.05.26 02:00:00	0.861980	0.861980	0.861980	0.861980
2026.05.26 03:00:00	0.862100	0.862100	0.862100	0.862100
2026.05.26 04:00:00	0.862400	0.862400	0.862400	0.862400
2026.05.26 05:00:00	0.862510	0.862510	0.862510	0.862510
2026.05.26 06:00:00	0.862490	0.862490	0.862490	0.862490
2026.05.26 07:00:00	0.862540	0.862540	0.862540	0.862540
2026.05.26 08:00:00	0.862570	0.862570	0.862570	0.862570
2026.05.26 09:00:00	0.862820	0.862820	0.862820	0.862820
2026.05.26 10:00:00	0.863200	0.863200	0.863200	0.863200
2026.05.26 11:00:00	0.863530	0.863530	0.863530	0.863530
2026.05.26 12:00:00	0.863470	0.863470	0.863470	0.863470
2026.05.26 13:00:00	0.863370	0.863370	0.863370	0.863370
2026.05.26 14:00:00	0.863210	0.863210	0.863210	0.863210
2026.05.26 15:00:00	0.863710	0.863710	0.863710	0.863710
2026.05.26 16:00:00	0.863650	0.863650	0.863650	0.863650
2026.05.26 17:00:00	0.863400	0.863400	0.863400	0.863400
2026.05.26 18:00:00	0.864240	0.864240	0.864240	0.864240
2026.05.26 19:00:00	0.864730	0.864730	0.864730	0.864730
2026.05.26 20:00:00	0.864700	0.864700	0.864700	0.864700
2026.05.26 21:00:00	0.864710	0.864710	0.864710	0.864710
2026.05.26 22:00:00	0.864900	0.864900	0.864900	0.864900
2026.05.26 23:00:00	0.864810	0.864810	0.864810	0.864810
2026.05.27 00:00:00	0.864660	0.864660	0.864660	0.864660
2026.05.27 01:00:00	0.864680	0.864680	0.864680	0.864680
2026.05.27 02:00:00	0.864810	0.864810	0.864810	0.864810
2026.05.27 03:00:00	0.864770	0.864770	0.864770	0.864770
2026.05.27 04:00:00	0.864830	0.864830	0.864830	0.864830
2026.05.27 05:00:00	0.865060	0.865060	0.865060	0.865060
2026.05.27 06:00:00	0.865040	0.865040	0.865040	0.865040
2026.05.27 07:00:00	0.864940	0.864940	0.864940	0.864940
2026.05.27 08:00:00	0.865170	0.865170	0.865170	0.865170
2026.05.27 09:00:00	0.865320	0.865320	0.865320	0.865320
2026.05.27 10:00:00	0.865590	0.865590	0.865590	0.865590
2026.05.27 11:00:00	0.865830	0.865830	0.865830	0.865830
2026.05.27 12:00:00	0.865920	0.865920	0.865920	0.865920
2026.05.27 13:00:00	0.865970	0.865970	0.865970	0.865970
2026.05.27 14:00:00	0.865860	0.865860	0.865860	0.865860
2026.05.27 15:00:00	0.866140	0.866140	0.866140	0.866140
2026.05.27 16:00:00	0.866260	0.866260	0.866260	0.866260
2026.05.27 17:00:00	0.865650	0.865650	0.865650	0.865650
2026.05.27 18:00:00	0.866270	0.866270	0.866270	0.866270
2026.05.27 19:00:00	0.865960	0.865960	0.865960	0.865960
2026.05.27 20:00:00	0.866000	0.866000	0.866000	0.866000
2026.05.27 21:00:00	0.865890	0.865890	0.865890	0.865890
2026.05.27 22:00:00	0.865850	0.865850	0.865850	0.865850
2026.05.27 23:00:00	0.865760	0.865760	0.865760	0.865760
2026.05.28 00:00:00	0.865570	0.865570	0.865570	0.865570
2026.05.28 01:00:00	0.865860	0.865860	0.865860	0.865860
2026.05.28 02:00:00	0.865720	0.865720	0.865720	0.865720
2026.05.28 03:00:00	0.865860	0.865860	0.865860	0.865860
2026.05.28 04:00:00	0.866230	0.866230	0.866230	0.866230
2026.05.28 05:00:00	0.866420	0.866420	0.866420	0.866420
2026.05.28 06:00:00	0.866390	0.866390	0.866390	0.866390
2026.05.28 07:00:00	0.866680	0.866680	0.866680	0.866680
2026.05.28 08:00:00	0.866420	0.866420	0.866420	0.866420
2026.05.28 09:00:00	0.866030	0.866030	0.866030	0.866030
2026.05.28 10:00:00	0.866100	0.866100	0.866100	0.866100
2026.05.28 11:00:00	0.866290	0.866290	0.866290	0.866290
2026.05.28 12:00:00	0.866630	0.866630	0.866630	0.866630
2026.05.28 13:00:00	0.866820	0.866820	0.866820	0.866820
2026.05.28 14:00:00	0.866560	0.866560	0.866560	0.866560
2026.05.28 15:00:00	0.866410	0.866410	0.866410	0.866410
2026.05.28 16:00:00	0.866960	0.866960	0.866960	0.866960
2026.05.28 17:00:00	0.867070	0.867070	0.867070	0.867070
2026.05.28 18:00:00	0.867010	0.867010	0.867010	0.867010
2026.05.28 19:00:00	0.866850	0.866850	0.866850	0.866850
2026.05.28 20:00:00	0.866820	0.866820	0.866820	0.866820
2026.05.28 21:00:00	0.866600	0.866600	0.866600	0.866600
2026.05.28 22:00:00	0.866550	0.866550	0.866550	0.866550
2026.05.28 23:00:00	0.866590	0.866590	0.866590	0.866590
2026.05.29 00:00:00	0.866330	0.866330	0.866330	0.866330
2026.05.29 01:00:00	0.866360	0.866360	0.866360	0.866360
2026.05.29 02:00:00	0.866630	0.866630	0.866630	0.866630
2026.05.29 03:00:00	0.866660	0.866660	0.866660	0.866660
2026.05.29 04:00:00	0.866560	0.866560	0.866560	0.866560
2026.05.29 05:00:00	0.866330	0.866330	0.866330	0.866330
2026.05.29 06:00:00	0.866430	0.866430	0.866430	0.866430
2026.05.29 07:00:00	0.866250	0.866250	0.866250	0.866250
2026.05.29 08:00:00	0.866020	0.866020	0.866020	0.866020
2026.05.29 09:00:00	0.866210	0.866210	0.866210	0.866210
2026.05.29 10:00:00	0.866840	0.866840	0.866840	0.866840
2026.05.29 11:00:00	0.867040	0.867040	0.867040	0.867040
2026.05.29 12:00:00	0.866920	0.866920	0.866920	0.866920
2026.05.29 13:00:00	0.867550	0.867550	0.867550	0.867550
2026.05.29 14:00:00	0.867640	0.867640	0.867640	0.867640
2026.05.29 15:00:00	0.867270	0.867270	0.867270	0.867270
2026.05.29 16:00:00	0.867030	0.867030	0.867030	0.867030
2026.05.29 17:00:00	0.866590	0.866590	0.866590	0.866590
2026.05.29 18:00:00	0.865670	0.865670	0.865670	0.865670
2026.05.29 19:00:00	0.866580	0.866580	0.866580	0.866580
2026.05.29 20:00:00	0.866610	0.866610	0.866610	0.866610
2026.05.29 21:00:00	0.866610	0.866610	0.866610	0.866610
2026.05.29 22:00:00	0.866440	0.866440	0.866440	0.866440
2026.05.29 23:00:00	0.866030	0.866030	0.866030	0.866030
2026.06.01 00:00:00	0.865860	0.865860	0.865860	0.865860
2026.06.01 01:00:00	0.866110	0.866110	0.866110	0.866110
2026.06.01 02:00:00	0.866460	0.866460	0.866460	0.866460
2026.06.01 03:00:00	0.865920	0.865920	0.865920	0.865920
2026.06.01 04:00:00	0.865820	0.865820	0.865820	0.865820
2026.06.01 05:00:00	0.865470	0.865470	0.865470	0.865470
2026.06.01 06:00:00	0.865440	0.865440	0.865440	0.865440
2026.06.01 07:00:00	0.865630	0.865630	0.865630	0.865630
2026.06.01 08:00:00	0.865480	0.865480	0.865480	0.865480
2026.06.01 09:00:00	0.865380	0.865380	0.865380	0.865380
2026.06.01 10:00:00	0.865710	0.865710	0.865710	0.865710
2026.06.01 11:00:00	0.865900	0.865900	0.865900	0.865900
2026.06.01 12:00:00	0.865380	0.865380	0.865380	0.865380
2026.06.01 13:00:00	0.865520	0.865520	0.865520	0.865520
2026.06.01 14:00:00	0.865050	0.865050	0.865050	0.865050
2026.06.01 15:00:00	0.864800	0.864800	0.864800	0.864800
2026.06.01 16:00:00	0.864980	0.864980	0.864980	0.864980
2026.06.01 17:00:00	0.865390	0.865390	0.865390	0.865390
2026.06.01 18:00:00	0.864490	0.864490	0.864490	0.864490
2026.06.01 19:00:00	0.864130	0.864130	0.864130	0.864130
2026.06.01 20:00:00	0.863880	0.863880	0.863880	0.863880
2026.06.01 21:00:00	0.864000	0.864000	0.864000	0.864000
2026.06.01 22:00:00	0.864180	0.864180	0.864180	0.864180
2026.06.01 23:00:00	0.864130	0.864130	0.864130	0.864130
2026.06.02 00:00:00	0.864230	0.864230	0.864230	0.864230
2026.06.02 01:00:00	0.864310	0.864310	0.864310	0.864310
2026.06.02 02:00:00	0.864370	0.864370	0.864370	0.864370
2026.06.02 03:00:00	0.864360	0.864360	0.864360	0.864360
2026.06.02 04:00:00	0.864440	0.864440	0.864440	0.864440
2026.06.02 05:00:00	0.864520	0.864520	0.864520	0.864520
2026.06.02 06:00:00	0.864410	0.864410	0.864410	0.864410
2026.06.02 07:00:00	0.864370	0.864370	0.864370	0.864370
2026.06.02 08:00:00	0.864280	0.864280	0.864280	0.864280
2026.06.02 09:00:00	0.864400	0.864400	0.864400	0.864400
2026.06.02 10:00:00	0.864310	0.864310	0.864310	0.864310
2026.06.02 11:00:00	0.864560	0.864560	0.864560	0.864560
2026.06.02 12:00:00	0.864750	0.864750	0.864750	0.864750
2026.06.02 13:00:00	0.864270	0.864270	0.864270	0.864270
2026.06.02 14:00:00	0.864460	0.864460	0.864460	0.864460
2026.06.02 15:00:00	0.864510	0.864510	0.864510	0.864510
2026.06.02 16:00:00	0.864700	0.864700	0.864700	0.864700
2026.06.02 17:00:00	0.864300	0.864300	0.864300	0.864300
2026.06.02 18:00:00	0.864180	0.864180	0.864180	0.864180
2026.06.02 19:00:00	0.863500	0.863500	0.863500	0.863500
2026.06.02 20:00:00	0.863430	0.863430	0.863430	0.863430
2026.06.02 21:00:00	0.863370	0.863370	0.863370	0.863370
2026.06.02 22:00:00	0.863270	0.863270	0.863270	0.863270
2026.06.02 23:00:00	0.863550	0.863550	0.863550	0.863550
2026.06.03 00:00:00	0.863640	0.863640	0.863640	0.863640
2026.06.03 01:00:00	0.863250	0.863250	0.863250	0.863250
2026.06.03 02:00:00	0.863580	0.863580	0.863580	0.863580
2026.06.03 03:00:00	0.863770	0.863770	0.863770	0.863770
2026.06.03 04:00:00	0.863470	0.863470	0.863470	0.863470
2026.06.03 05:00:00	0.863430	0.863430	0.863430	0.863430
2026.06.03 06:00:00	0.863600	0.863600	0.863600	0.863600
2026.06.03 07:00:00	0.863550	0.863550	0.863550	0.863550
2026.06.03 08:00:00	0.863590	0.863590	0.863590	0.863590
2026.06.03 09:00:00	0.863760	0.863760	0.863760	0.863760
2026.06.03 10:00:00	0.863570	0.863570	0.863570	0.863570
2026.06.03 11:00:00	0.863180	0.863180	0.863180	0.863180
2026.06.03 12:00:00	0.863430	0.863430	0.863430	0.863430
2026.06.03 13:00:00	0.863500	0.863500	0.863500	0.863500
2026.06.03 14:00:00	0.863570	0.863570	0.863570	0.863570
2026.06.03 15:00:00	0.863680	0.863680	0.863680	0.863680
2026.06.03 16:00:00	0.863550	0.863550	0.863550	0.863550
2026.06.03 17:00:00	0.864000	0.864000	0.864000	0.864000
2026.06.03 18:00:00	0.864110	0.864110	0.864110	0.864110
2026.06.03 19:00:00	0.863710	0.863710	0.863710	0.863710
2026.06.03 20:00:00	0.864120	0.864120	0.864120	0.864120
2026.06.03 21:00:00	0.864410	0.864410	0.864410	0.864410
2026.06.03 22:00:00	0.864380	0.864380	0.864380	0.864380
2026.06.03 23:00:00	0.864160	0.864160	0.864160	0.864160
2026.06.04 00:00:00	0.864130	0.864130	0.864130	0.864130
2026.06.04 01:00:00	0.864190	0.864190	0.864190	0.864190
2026.06.04 02:00:00	0.864530	0.864530	0.864530	0.864530
2026.06.04 03:00:00	0.864550	0.864550	0.864550	0.864550
2026.06.04 04:00:00	0.864420	0.864420	0.864420	0.864420
2026.06.04 05:00:00	0.864520	0.864520	0.864520	0.864520
2026.06.04 06:00:00	0.864640	0.864640	0.864640	0.864640
2026.06.04 07:00:00	0.864530	0.864530	0.864530	0.864530
2026.06.04 08:00:00	0.864300	0.864300	0.864300	0.864300
2026.06.04 09:00:00	0.864490	0.864490	0.864490	0.864490
2026.06.04 10:00:00	0.864570	0.864570	0.864570	0.864570
2026.06.04 11:00:00	0.864470	0.864470	0.864470	0.864470
2026.06.04 12:00:00	0.864640	0.864640	0.864640	0.864640
2026.06.04 13:00:00	0.865120	0.865120	0.865120	0.865120
2026.06.04 14:00:00	0.865070	0.865070	0.865070	0.865070
2026.06.04 15:00:00	0.864910	0.864910	0.864910	0.864910
2026.06.04 16:00:00	0.864750	0.864750	0.864750	0.864750
2026.06.04 17:00:00	0.864970	0.864970	0.864970	0.864970
2026.06.04 18:00:00	0.865040	0.865040	0.865040	0.865040
2026.06.04 19:00:00	0.865150	0.865150	0.865150	0.865150
2026.06.04 20:00:00	0.865060	0.865060	0.865060	0.865060
2026.06.04 21:00:00	0.865370	0.865370	0.865370	0.865370
2026.06.04 22:00:00	0.865090	0.865090	0.865090	0.865090
2026.06.04 23:00:00	0.864960	0.864960	0.864960	0.864960
2026.06.05 00:00:00	0.864750	0.864750	0.864750	0.864750
2026.06.05 01:00:00	0.864890	0.864890	0.864890	0.864890
2026.06.05 02:00:00	0.864960	0.864960	0.864960	0.864960
2026.06.05 03:00:00	0.865030	0.865030	0.865030	0.865030
2026.06.05 04:00:00	0.865000	0.865000	0.865000	0.865000
2026.06.05 05:00:00	0.865030	0.865030	0.865030	0.865030
2026.06.05 06:00:00	0.865070	0.865070	0.865070	0.865070
2026.06.05 07:00:00	0.864960	0.864960	0.864960	0.864960
2026.06.05 08:00:00	0.864920	0.864920	0.864920	0.864920
2026.06.05 09:00:00	0.865090	0.865090	0.865090	0.865090
2026.06.05 10:00:00	0.865030	0.865030	0.865030	0.865030
2026.06.05 11:00:00	0.865040	0.865040	0.865040	0.865040
2026.06.05 12:00:00	0.864740	0.864740	0.864740	0.864740
2026.06.05 13:00:00	0.864310	0.864310	0.864310	0.864310
2026.06.05 14:00:00	0.863820	0.863820	0.863820	0.863820
2026.06.05 15:00:00	0.864270	0.864270	0.864270	0.864270
2026.06.05 16:00:00	0.864280	0.864280	0.864280	0.864280
2026.06.05 17:00:00	0.863580	0.863580	0.863580	0.863580
2026.06.05 18:00:00	0.863410	0.863410	0.863410	0.863410
2026.06.05 19:00:00	0.863230	0.863230	0.863230	0.863230
2026.06.05 20:00:00	0.863350	0.863350	0.863350	0.863350
2026.06.05 21:00:00	0.863680	0.863680	0.863680	0.863680
2026.06.05 22:00:00	0.863900	0.863900	0.863900	0.863900
2026.06.05 23:00:00	0.864000	0.864000	0.864000	0.864000
2026.06.08 00:00:00	0.863630	0.863630	0.863630	0.863630
2026.06.08 01:00:00	0.863720	0.863720	0.863720	0.863720
2026.06.08 02:00:00	0.864020	0.864020	0.864020	0.864020
2026.06.08 03:00:00	0.863920	0.863920	0.863920	0.863920
2026.06.08 04:00:00	0.863880	0.863880	0.863880	0.863880
2026.06.08 05:00:00	0.864190	0.864190	0.864190	0.864190
2026.06.08 06:00:00	0.864160	0.864160	0.864160	0.864160
2026.06.08 07:00:00	0.864320	0.864320	0.864320	0.864320
2026.06.08 08:00:00	0.864350	0.864350	0.864350	0.864350
2026.06.08 09:00:00	0.864170	0.864170	0.864170	0.864170
2026.06.08 10:00:00	0.864240	0.864240	0.864240	0.864240
2026.06.08 11:00:00	0.864010	0.864010	0.864010	0.864010
2026.06.08 12:00:00	0.863810	0.863810	0.863810	0.863810
2026.06.08 13:00:00	0.863770	0.863770	0.863770	0.863770
2026.06.08 14:00:00	0.863740	0.863740	0.863740	0.863740
2026.06.08 15:00:00	0.863440	0.863440	0.863440	0.863440
2026.06.08 16:00:00	0.864450	0.864450	0.864450	0.864450
2026.06.08 17:00:00	0.864350	0.864350	0.864350	0.864350
2026.06.08 18:00:00	0.864960	0.864960	0.864960	0.864960
2026.06.08 19:00:00	0.864870	0.864870	0.864870	0.864870
2026.06.08 20:00:00	0.864700	0.864700	0.864700	0.864700
2026.06.08 21:00:00	0.864510	0.864510	0.864510	0.864510
2026.06.08 22:00:00	0.864160	0.864160	0.864160	0.864160
2026.06.08 23:00:00	0.864210	0.864210	0.864210	0.864210
2026.06.09 00:00:00	0.864420	0.864420	0.864420	0.864420
2026.06.09 01:00:00	0.864590	0.864590	0.864590	0.864590
2026.06.09 02:00:00	0.864450	0.864450	0.864450	0.864450
2026.06.09 03:00:00	0.864490	0.864490	0.864490	0.864490
2026.06.09 04:00:00	0.864550	0.864550	0.864550	0.864550
2026.06.09 05:00:00	0.864230	0.864230	0.864230	0.864230
2026.06.09 06:00:00	0.864220	0.864220	0.864220	0.864220
2026.06.09 07:00:00	0.864210	0.864210	0.864210	0.864210
2026.06.09 08:00:00	0.864060	0.864060	0.864060	0.864060
2026.06.09 09:00:00	0.863940	0.863940	0.863940	0.863940
2026.06.09 10:00:00	0.863760	0.863760	0.863760	0.863760
2026.06.09 11:00:00	0.863130	0.863130	0.863130	0.863130
2026.06.09 12:00:00	0.863200	0.863200	0.863200	0.863200
2026.06.09 13:00:00	0.863510	0.863510	0.863510	0.863510
2026.06.09 14:00:00	0.863300	0.863300	0.863300	0.863300
2026.06.09 15:00:00	0.863370	0.863370	0.863370	0.863370
2026.06.09 16:00:00	0.863380	0.863380	0.863380	0.863380
2026.06.09 17:00:00	0.863210	0.863210	0.863210	0.863210
2026.06.09 18:00:00	0.862970	0.862970	0.862970	0.862970
2026.06.09 19:00:00	0.863080	0.863080	0.863080	0.863080
2026.06.09 20:00:00	0.863010	0.863010	0.863010	0.863010
2026.06.09 21:00:00	0.862810	0.862810	0.862810	0.862810
2026.06.09 22:00:00	0.862620	0.862620	0.862620	0.862620
2026.06.09 23:00:00	0.862530	0.862530	0.862530	0.862530
2026.06.10 00:00:00	0.862510	0.862510	0.862510	0.862510
2026.06.10 01:00:00	0.862790	0.862790	0.862790	0.862790
2026.06.10 02:00:00	0.862660	0.862660	0.862660	0.862660
2026.06.10 03:00:00	0.862560	0.862560	0.862560	0.862560
2026.06.10 04:00:00	0.862640	0.862640	0.862640	0.862640
2026.06.10 05:00:00	0.862580	0.862580	0.862580	0.862580
2026.06.10 06:00:00	0.862620	0.862620	0.862620	0.862620
2026.06.10 07:00:00	0.862600	0.862600	0.862600	0.862600
2026.06.10 08:00:00	0.862730	0.862730	0.862730	0.862730
2026.06.10 09:00:00	0.862700	0.862700	0.862700	0.862700
2026.06.10 10:00:00	0.862840	0.862840	0.862840	0.862840
2026.06.10 11:00:00	0.862740	0.862740	0.862740	0.862740
2026.06.10 12:00:00	0.863010	0.863010	0.863010	0.863010
2026.06.10 13:00:00	0.862630	0.862630	0.862630	0.862630
2026.06.10 14:00:00	0.862610	0.862610	0.862610	0.862610
2026.06.10 15:00:00	0.862250	0.862250	0.862250	0.862250
2026.06.10 16:00:00	0.862440	0.862440	0.862440	0.862440
2026.06.10 17:00:00	0.862170	0.862170	0.862170	0.862170
2026.06.10 18:00:00	0.861920	0.861920	0.861920	0.861920
2026.06.10 19:00:00	0.862460	0.862460	0.862460	0.862460
2026.06.10 20:00:00	0.862820	0.862820	0.862820	0.862820
2026.06.10 21:00:00	0.862580	0.862580	0.862580	0.862580
2026.06.10 22:00:00	0.863060	0.863060	0.863060	0.863060
2026.06.10 23:00:00	0.863000	0.863000	0.863000	0.863000
2026.06.11 00:00:00	0.862740	0.862740	0.862740	0.862740
2026.06.11 01:00:00	0.862520	0.862520	0.862520	0.862520
2026.06.11 02:00:00	0.863190	0.863190	0.863190	0.863190
2026.06.11 03:00:00	0.863220	0.863220	0.863220	0.863220
2026.06.11 04:00:00	0.863170	0.863170	0.863170	0.863170
2026.06.11 05:00:00	0.863080	0.863080	0.863080	0.863080
2026.06.11 06:00:00	0.863030	0.863030	0.863030	0.863030
2026.06.11 07:00:00	0.862870	0.862870	0.862870	0.862870
2026.06.11 08:00:00	0.862790	0.862790	0.862790	0.862790
2026.06.11 09:00:00	0.862860	0.862860	0.862860	0.862860
2026.06.11 10:00:00	0.862680	0.862680	0.862680	0.862680
2026.06.11 11:00:00	0.862630	0.862630	0.862630	0.862630
2026.06.11 12:00:00	0.862870	0.862870	0.862870	0.862870
2026.06.11 13:00:00	0.862880	0.862880	0.862880	0.862880
2026.06.11 14:00:00	0.863060	0.863060	0.863060	0.863060
2026.06.11 15:00:00	0.863230	0.863230	0.863230	0.863230
2026.06.11 16:00:00	0.863590	0.863590	0.863590	0.863590
2026.06.11 17:00:00	0.863350	0.863350	0.863350	0.863350
2026.06.11 18:00:00	0.864220	0.864220	0.864220	0.864220
2026.06.11 19:00:00	0.863350	0.863350	0.863350	0.863350
2026.06.11 20:00:00	0.863090	0.863090	0.863090	0.863090
2026.06.11 21:00:00	0.862660	0.862660	0.862660	0.862660
2026.06.11 22:00:00	0.862600	0.862600	0.862600	0.862600
2026.06.11 23:00:00	0.862930	0.862930	0.862930	0.862930
2026.06.12 00:00:00	0.862790	0.862790	0.862790	0.862790
2026.06.12 01:00:00	0.862620	0.862620	0.862620	0.862620
2026.06.12 02:00:00	0.862940	0.862940	0.862940	0.862940
2026.06.12 03:00:00	0.862830	0.862830	0.862830	0.862830
2026.06.12 04:00:00	0.862750	0.862750	0.862750	0.862750
2026.06.12 05:00:00	0.862670	0.862670	0.862670	0.862670
2026.06.12 06:00:00	0.862670	0.862670	0.862670	0.862670
2026.06.12 07:00:00	0.862560	0.862560	0.862560	0.862560
2026.06.12 08:00:00	0.862710	0.862710	0.862710	0.862710
2026.06.12 09:00:00	0.862640	0.862640	0.862640	0.862640
2026.06.12 10:00:00	0.863150	0.863150	0.863150	0.863150
2026.06.12 11:00:00	0.863230	0.863230	0.863230	0.863230
2026.06.12 12:00:00	0.863000	0.863000	0.863000	0.863000
2026.06.12 13:00:00	0.863080	0.863080	0.863080	0.863080
2026.06.12 14:00:00	0.862950	0.862950	0.862950	0.862950
2026.06.12 15:00:00	0.862860	0.862860	0.862860	0.862860
2026.06.12 16:00:00	0.863270	0.863270	0.863270	0.863270
2026.06.12 17:00:00	0.863310	0.863310	0.863310	0.863310
2026.06.12 18:00:00	0.862710	0.862710	0.862710	0.862710
2026.06.12 19:00:00	0.862720	0.862720	0.862720	0.862720
2026.06.12 20:00:00	0.862690	0.862690	0.862690	0.862690
2026.06.12 21:00:00	0.862610	0.862610	0.862610	0.862610
2026.06.12 22:00:00	0.862680	0.862680	0.862680	0.862680
2026.06.12 23:00:00	0.862730	0.862730	0.862730	0.862730
2026.06.15 00:00:00	0.863510	0.863510	0.863510	0.863510
2026.06.15 01:00:00	0.863750	0.863750	0.863750	0.863750
2026.06.15 02:00:00	0.862870	0.862870	0.862870	0.862870
2026.06.15 03:00:00	0.862610	0.862610	0.862610	0.862610
2026.06.15 04:00:00	0.862690	0.862690	0.862690	0.862690
2026.06.15 05:00:00	0.862990	0.862990	0.862990	0.862990
2026.06.15 06:00:00	0.863030	0.863030	0.863030	0.863030
2026.06.15 07:00:00	0.863150	0.863150	0.863150	0.863150
2026.06.15 08:00:00	0.863280	0.863280	0.863280	0.863280
2026.06.15 09:00:00	0.863280	0.863280	0.863280	0.863280
2026.06.15 10:00:00	0.863340	0.863340	0.863340	0.863340
2026.06.15 11:00:00	0.863940	0.863940	0.863940	0.863940
2026.06.15 12:00:00	0.864220	0.864220	0.864220	0.864220
2026.06.15 13:00:00	0.864360	0.864360	0.864360	0.864360
2026.06.15 14:00:00	0.864760	0.864760	0.864760	0.864760
2026.06.15 15:00:00	0.864760	0.864760	0.864760	0.864760
2026.06.15 16:00:00	0.864800	0.864800	0.864800	0.864800
2026.06.15 17:00:00	0.864630	0.864630	0.864630	0.864630
2026.06.15 18:00:00	0.863570	0.863570	0.863570	0.863570
2026.06.15 19:00:00	0.863840	0.863840	0.863840	0.863840
2026.06.15 20:00:00	0.863950	0.863950	0.863950	0.863950
2026.06.15 21:00:00	0.863730	0.863730	0.863730	0.863730
2026.06.15 22:00:00	0.863930	0.863930	0.863930	0.863930
2026.06.15 23:00:00	0.863920	0.863920	0.863920	0.863920
2026.06.16 00:00:00	0.863890	0.863890	0.863890	0.863890
2026.06.16 01:00:00	0.864110	0.864110	0.864110	0.864110
2026.06.16 02:00:00	0.863990	0.863990	0.863990	0.863990
2026.06.16 03:00:00	0.863930	0.863930	0.863930	0.863930
2026.06.16 04:00:00	0.864170	0.864170	0.864170	0.864170
2026.06.16 05:00:00	0.864240	0.864240	0.864240	0.864240
2026.06.16 06:00:00	0.864380	0.864380	0.864380	0.864380
2026.06.16 07:00:00	0.864340	0.864340	0.864340	0.864340
2026.06.16 08:00:00	0.864200	0.864200	0.864200	0.864200
2026.06.16 09:00:00	0.864240	0.864240	0.864240	0.864240
2026.06.16 10:00:00	0.864270	0.864270	0.864270	0.864270
2026.06.16 11:00:00	0.864200	0.864200	0.864200	0.864200
2026.06.16 12:00:00	0.864460	0.864460	0.864460	0.864460
2026.06.16 13:00:00	0.864670	0.864670	0.864670	0.864670
2026.06.16 14:00:00	0.864490	0.864490	0.864490	0.864490
2026.06.16 15:00:00	0.864520	0.864520	0.864520	0.864520
2026.06.16 16:00:00	0.864520	0.864520	0.864520	0.864520
2026.06.16 17:00:00	0.864360	0.864360	0.864360	0.864360
2026.06.16 18:00:00	0.864320	0.864320	0.864320	0.864320
2026.06.16 19:00:00	0.864220	0.864220	0.864220	0.864220
2026.06.16 20:00:00	0.864690	0.864690	0.864690	0.864690
2026.06.16 21:00:00	0.864560	0.864560	0.864560	0.864560
2026.06.16 22:00:00	0.864530	0.864530	0.864530	0.864530
2026.06.16 23:00:00	0.864650	0.864650	0.864650	0.864650
2026.06.17 00:00:00	0.864460	0.864460	0.864460	0.864460
2026.06.17 01:00:00	0.864120	0.864120	0.864120	0.864120
2026.06.17 02:00:00	0.864730	0.864730	0.864730	0.864730
2026.06.17 03:00:00	0.864680	0.864680	0.864680	0.864680
2026.06.17 04:00:00	0.864710	0.864710	0.864710	0.864710
2026.06.17 05:00:00	0.864760	0.864760	0.864760	0.864760
2026.06.17 06:00:00	0.864610	0.864610	0.864610	0.864610
2026.06.17 07:00:00	0.864590	0.864590	0.864590	0.864590
2026.06.17 08:00:00	0.864490	0.864490	0.864490	0.864490
2026.06.17 09:00:00	0.864550	0.864550	0.864550	0.864550
2026.06.17 10:00:00	0.865240	0.865240	0.865240	0.865240
2026.06.17 11:00:00	0.864860	0.864860	0.864860	0.864860
2026.06.17 12:00:00	0.864640	0.864640	0.864640	0.864640
2026.06.17 13:00:00	0.864750	0.864750	0.864750	0.864750
2026.06.17 14:00:00	0.864590	0.864590	0.864590	0.864590
2026.06.17 15:00:00	0.864640	0.864640	0.864640	0.864640
2026.06.17 16:00:00	0.864780	0.864780	0.864780	0.864780
2026.06.17 17:00:00	0.864960	0.864960	0.864960	0.864960
2026.06.17 18:00:00	0.865200	0.865200	0.865200	0.865200
2026.06.17 19:00:00	0.865280	0.865280	0.865280	0.865280
2026.06.17 20:00:00	0.865200	0.865200	0.865200	0.865200
2026.06.17 21:00:00	0.865040	0.865040	0.865040	0.865040
2026.06.17 22:00:00	0.865070	0.865070	0.865070	0.865070
2026.06.17 23:00:00	0.865090	0.865090	0.865090	0.865090
